route,file,title,h1,meta_description,canonical,internal_links,faq_questions,schema_types,enquiry_ctas
/about,about.html,About TutorServices | Trusted Tuition Support in India,tutorservices helps India learn with confidence.,"Learn about TutorServices, founded by Meenakshi Sharma, and our mission to connect students and parents with verified tutors across India today.",https://www.tutorservices.in/about,24,3,Organization|LocalBusiness|EducationalOrganization|ImageObject|Person|PostalAddress|Country|City|ContactPoint|WebSite|AboutPage|BreadcrumbList|ListItem|FAQPage|Question|Answer,1
/academic-coaching,academic-coaching.html,Academic Coaching for Class 1 to 12 | TutorServices,"Academic Coaching for Stronger Learning, Better Habits and Long-Term Success","Find structured academic coaching for Class 1 to 12 with personalised study plans, concept support, progress tracking and better learning habits.",https://www.tutorservices.in/academic-coaching,31,10,Organization|LocalBusiness|EducationalOrganization|ImageObject|Person|PostalAddress|Country|WebSite|WebPage|BreadcrumbList|ListItem|Service|EducationalAudience|Audience|FAQPage|Question|Answer,6
/benefits-of-home-tuition,benefits-of-home-tuition.html,Benefits of Home Tuition for Students | TutorServices,Benefits of Home Tuition for Students,"Learn how home tuition gives students personal attention, flexible lessons, faster doubt resolution, stronger concepts and focused exam support.",https://www.tutorservices.in/benefits-of-home-tuition,16,2,Organization|LocalBusiness|EducationalOrganization|ImageObject|Person|PostalAddress|Country|City|ContactPoint|WebSite|WebPage|BreadcrumbList|ListItem|Article|FAQPage|Question|Answer,5
/best-home-tuition-services-india,best-home-tuition-services-india.html,How to Choose Home Tuition Services in India | Parent Guide,Best Home Tuition Services in India: A Complete Guide for Parents and Students,"Learn how to compare home tuition services, evaluate tutor experience, use demo classes and choose suitable academic support for your child.",https://www.tutorservices.in/best-home-tuition-services-india,18,8,Organization|LocalBusiness|EducationalOrganization|ImageObject|Person|PostalAddress|Country|City|ContactPoint|WebSite|WebPage|BreadcrumbList|ListItem|Article|FAQPage|Question|Answer,6
/blog,blog.html,"Education Blog | Tuition, Study & Exam Guides India","Helpful tuition guides for parents, students and tutors.","Read practical educational articles about home tuition, online learning, board exams, spoken English, study skills and choosing the right tutor.",https://www.tutorservices.in/blog,40,3,Organization|LocalBusiness|EducationalOrganization|ImageObject|Person|PostalAddress|Country|City|ContactPoint|WebSite|CollectionPage|BreadcrumbList|ListItem|Blog|FAQPage|Question|Answer,0
/boards,boards.html,"Board Tuition in India | CBSE, ICSE, IGCSE, IB & NIOS Tutors",Board Tuition in India for Focused Learning and Exam Preparation,"Find board tuition in India for CBSE, ICSE, IGCSE, IB, NIOS and State Boards with personalised home or online tutor support for school students.",https://www.tutorservices.in/boards,32,10,CollectionPage|BreadcrumbList|ListItem|Service|Country|EducationalAudience|ItemList|FAQPage|Question|Answer,7
/boards/cbse-tuition,boards/cbse-tuition.html,CBSE Tuition in India | Home & Online Tutors | TutorServices,CBSE Tuition in India for Strong Concepts and Exam Readiness,"Find CBSE tuition in India with experienced home and online tutors for Classes 1–12, NCERT learning, subject support and board exam preparation.",https://www.tutorservices.in/boards/cbse-tuition,34,10,WebPage|BreadcrumbList|ListItem|Service|Country|EducationalAudience|Offer|FAQPage|Question|Answer,6
/boards/class-10-board-tuition,boards/class-10-board-tuition.html,Class 10 Board Tuition | Expert Tutors | TutorServices,Class 10 Board Tuition for Stronger Preparation and Confidence,"Find Class 10 board tuition with personalised home or online tutors for Maths, Science, English and exam preparation across CBSE, ICSE and State Boards.",https://www.tutorservices.in/boards/class-10-board-tuition,28,10,WebPage|BreadcrumbList|ListItem|Service|Country|EducationalAudience|Offer|FAQPage|Question|Answer,6
/boards/class-12-board-tuition,boards/class-12-board-tuition.html,Class 12 Board Tuition | Expert Tutors | TutorServices,Class 12 Board Tuition for Exam Success and University Readiness,"Find Class 12 board tuition with expert home or online tutors for Science, Commerce and Humanities, board exams, mock tests and university readiness.",https://www.tutorservices.in/boards/class-12-board-tuition,32,10,WebPage|BreadcrumbList|ListItem|Service|Country|EducationalAudience|Offer|FAQPage|Question|Answer,6
/boards/icse-tuition,boards/icse-tuition.html,ICSE Tuition in India | Home & Online Tutors | TutorServices,ICSE Tuition in India for Deeper Learning and Confident Expression,"Find ICSE tuition in India with experienced home and online tutors for Classes 1–12, detailed subject learning, language skills and board preparation.",https://www.tutorservices.in/boards/icse-tuition,38,10,WebPage|BreadcrumbList|ListItem|Service|Country|EducationalAudience|Offer|FAQPage|Question|Answer,6
/boards/state-board-tuition,boards/state-board-tuition.html,State Board Tuition in India | Expert Tutors | TutorServices,State Board Tuition in India Aligned with Your Exact Syllabus,"Find State Board tuition in India with home and online tutors familiar with regional syllabi, language preferences, school subjects and board exams.",https://www.tutorservices.in/boards/state-board-tuition,37,10,WebPage|BreadcrumbList|ListItem|Service|Country|EducationalAudience|Offer|FAQPage|Question|Answer,6
/cities,cities.html,Home Tuition Locations and Verified Tutors | TutorServices,Home Tuition Locations for Personalised Tutor Support,"Explore TutorServices home tuition locations, Delhi tutor availability and personalised online tuition options for students throughout India today.",https://www.tutorservices.in/cities,33,10,Organization|EducationalOrganization|ImageObject|PostalAddress|AdministrativeArea|Country|Person|CollectionPage|WebPage|BreadcrumbList|ListItem|ItemList|Service|FAQPage|Question|Answer,9
/cities/delhi,cities/delhi.html,Home Tuition in Delhi with Verified Tutors | TutorServices,"Home Tuition in Delhi for Every Class, Board and Learning Goal","Find personalised home tuition in Delhi for school subjects, boards and exams through verified TutorServices tutors, with online options available.",https://www.tutorservices.in/cities/delhi,48,10,Organization|EducationalOrganization|ImageObject|PostalAddress|AdministrativeArea|Person|WebPage|BreadcrumbList|ListItem|Service|City|ServiceChannel|Place|FAQPage|Question|Answer,6
/cities/delhi/connaught-place-home-tuition,cities/delhi/connaught-place-home-tuition.html,Home Tuition in Connaught Place | Verified Tutors Delhi,Home Tuition in Connaught Place for Students and Lifelong Learners,"Find verified home tutors in Connaught Place and Central Delhi for Classes 1–12, subjects, boards and exams with flexible online alternatives.",https://www.tutorservices.in/cities/delhi/connaught-place-home-tuition,43,10,Organization|EducationalOrganization|ImageObject|Person|PostalAddress|Place|WebPage|BreadcrumbList|ListItem|Service|ServiceChannel|FAQPage|Question|Answer,8
/cities/delhi/dwarka-home-tuition,cities/delhi/dwarka-home-tuition.html,Verified Home Tuition in Dwarka | TutorServices India,Home Tuition in Dwarka for Personalised School and Exam Learning,"Find verified home tutors in Dwarka for Classes 1–12, boards, subjects and exams through sector-aware matching with flexible online options.",https://www.tutorservices.in/cities/delhi/dwarka-home-tuition,38,10,Organization|EducationalOrganization|ImageObject|Person|PostalAddress|Place|WebPage|BreadcrumbList|ListItem|Service|ServiceChannel|FAQPage|Question|Answer,8
/cities/delhi/rohini-home-tuition,cities/delhi/rohini-home-tuition.html,Verified Home Tuition in Rohini | TutorServices India,Home Tuition in Rohini for Stronger Concepts and Study Habits,"Find verified home tutors in Rohini for Classes 1–12, boards, subjects and exams through personalised matching with flexible online options.",https://www.tutorservices.in/cities/delhi/rohini-home-tuition,40,10,Organization|EducationalOrganization|ImageObject|Person|PostalAddress|Place|WebPage|BreadcrumbList|ListItem|Service|ServiceChannel|FAQPage|Question|Answer,6
/cities/delhi/south-delhi-home-tuition,cities/delhi/south-delhi-home-tuition.html,Verified Home Tuition in South Delhi | TutorServices India,"Home Tuition in South Delhi for Focused, Flexible Learning","Find verified home tutors in South Delhi for Classes 1–12, boards, subjects and exams through personalised matching and flexible online options.",https://www.tutorservices.in/cities/delhi/south-delhi-home-tuition,44,10,Organization|EducationalOrganization|ImageObject|Person|PostalAddress|AdministrativeArea|WebPage|BreadcrumbList|ListItem|Service|Place|ServiceChannel|FAQPage|Question|Answer,8
/cities/faridabad,cities/faridabad.html,Home Tuition in Faridabad | Private Tutors Near You,Home Tuition in Faridabad for Personalised Academic Support,"Request home tuition in Faridabad for school students, subjects and boards. Compare local home tutors and online tuition through TutorServices.",https://www.tutorservices.in/cities/faridabad,26,8,WebPage|BreadcrumbList|ListItem|Service|Country|City|EducationalAudience|FAQPage|Question|Answer,8
/cities/ghaziabad,cities/ghaziabad.html,Home Tuition in Ghaziabad | Tutors for Class 1-12,Home Tuition in Ghaziabad for Personalised Academic Support,"Find home tuition in Ghaziabad with tutors matched for school classes, subjects and boards. Availability depends on locality, timing and tutor fit.",https://www.tutorservices.in/cities/ghaziabad,26,8,WebPage|BreadcrumbList|ListItem|Service|Country|City|EducationalAudience|FAQPage|Question|Answer,8
/cities/gurugram,cities/gurugram.html,Home Tuition in Gurugram | Home Tutors in Gurgaon,Home Tuition in Gurugram for Personalised Academic Support,"Find home tuition in Gurugram with tutors matched by class, subject, board, locality and schedule. Online tuition is also available across India.",https://www.tutorservices.in/cities/gurugram,26,8,WebPage|BreadcrumbList|ListItem|Service|Country|City|EducationalAudience|FAQPage|Question|Answer,8
/cities/noida,cities/noida.html,Home Tuition in Noida | Personal Tutors by Sector,Home Tuition in Noida for Personalised Academic Support,"Request home tuition in Noida for Class 1 to 12, school subjects and major boards. Tutor matching depends on sector, schedule and availability.",https://www.tutorservices.in/cities/noida,26,8,WebPage|BreadcrumbList|ListItem|Service|Country|City|EducationalAudience|FAQPage|Question|Answer,8
/class-10-board-exam-preparation,class-10-board-exam-preparation.html,Class 10 Board Exam Preparation Plan | TutorServices,Class 10 Board Exam Preparation Plan,"Follow a practical Class 10 board exam plan covering syllabus mapping, weekly targets, revision cycles, answer writing and sample-paper practice.",https://www.tutorservices.in/class-10-board-exam-preparation,17,2,Organization|LocalBusiness|EducationalOrganization|ImageObject|Person|PostalAddress|Country|City|ContactPoint|WebSite|WebPage|BreadcrumbList|ListItem|Article|FAQPage|Question|Answer,4
/classes,classes.html,Tuition for Class 1 to 12 in India | TutorServices,"Tuition for Class 1 to 12 in India, Matched to Every Learning Stage","Find tuition for Class 1 to 12 in India with personalised home or online tutors matched by class, board, subjects, learning stage and academic goals.",https://www.tutorservices.in/classes,39,10,CollectionPage|BreadcrumbList|ListItem|Service|Country|EducationalAudience|ItemList|FAQPage|Question|Answer,7
/classes/class-1-to-5-tuition,classes/class-1-to-5-tuition.html,Tuition for Class 1 to 5 | Primary Tutors | TutorServices,"Tuition for Class 1 to 5 That Builds Skills, Curiosity and Confidence","Find tuition for Class 1 to 5 with child-friendly home or online tutors for primary Maths, English, EVS, Hindi, homework and strong learning habits.",https://www.tutorservices.in/classes/class-1-to-5-tuition,24,10,WebPage|BreadcrumbList|ListItem|Service|Country|EducationalAudience|Offer|FAQPage|Question|Answer,6
/classes/class-10-tuition,classes/class-10-tuition.html,Class 10 Tuition | Expert Home & Online Tutors India,"Class 10 Tuition for Concept Mastery, Consistent Revision and Board Exam Confidence","Find Class 10 tuition with verified home or online tutors for complete academic support, concept clarity, revision and confident board-year progress.",https://www.tutorservices.in/classes/class-10-tuition,30,10,WebPage|BreadcrumbList|ListItem|Service|Country|EducationalAudience|Offer|FAQPage|Question|Answer,6
/classes/class-11-tuition,classes/class-11-tuition.html,Class 11 Tuition | Stream-Specific Tutors in India,"Class 11 Tuition for Stream-Specific Learning, Deeper Concepts and Future Readiness","Find Class 11 tuition with verified home or online tutors for Science, Commerce and Humanities subjects, concept building and senior-secondary success.",https://www.tutorservices.in/classes/class-11-tuition,33,10,WebPage|BreadcrumbList|ListItem|Service|Country|EducationalAudience|Offer|FAQPage|Question|Answer,6
/classes/class-12-tuition,classes/class-12-tuition.html,Class 12 Tuition | Board & Entrance Exam Support India,"Class 12 Tuition for Academic Excellence, Board Confidence and Higher-Education Goals","Find Class 12 tuition with verified home or online tutors for Science, Commerce and Humanities, board success, admissions and entrance preparation.",https://www.tutorservices.in/classes/class-12-tuition,33,10,WebPage|BreadcrumbList|ListItem|Service|Country|EducationalAudience|Offer|FAQPage|Question|Answer,6
/classes/class-6-to-8-tuition,classes/class-6-to-8-tuition.html,Tuition for Class 6 to 8 | Middle School Tutors India,"Tuition for Class 6 to 8 That Builds Clarity, Confidence and Independent Thinking","Find tuition for Class 6 to 8 with verified home or online tutors for Maths, Science, English and concept-focused middle-school learning across India.",https://www.tutorservices.in/classes/class-6-to-8-tuition,26,10,WebPage|BreadcrumbList|ListItem|Service|Country|EducationalAudience|Offer|FAQPage|Question|Answer,6
/classes/class-9-tuition,classes/class-9-tuition.html,Class 9 Tuition | Expert Home & Online Tutors India,"Class 9 Tuition for Stronger Concepts, Better Performance and Class 10 Readiness","Find Class 9 tuition with verified home or online tutors for Maths, Science, English and board-aligned concept preparation before the Class 10 year.",https://www.tutorservices.in/classes/class-9-tuition,29,10,WebPage|BreadcrumbList|ListItem|Service|Country|EducationalAudience|Offer|FAQPage|Question|Answer,6
/competitive-exams,competitive-exams.html,Competitive Exam Coaching in India | TutorServices,Competitive Exam Coaching Built Around the Student’s Target,"Find competitive exam coaching for JEE, NEET, CUET and Olympiads with verified tutors, personalised study plans, regular tests and progress tracking.",https://www.tutorservices.in/competitive-exams,30,10,CollectionPage|BreadcrumbList|ListItem|Service|Country|EducationalAudience|ItemList|FAQPage|Question|Answer,6
/competitive-exams/cuet-preparation,competitive-exams/cuet-preparation.html,CUET Preparation Classes and Tutors | TutorServices,CUET Preparation Classes Built Around Your University Goals,"Prepare for CUET with personalised subject support, concept revision, practice questions, mock tests and study planning through verified TutorServices tutors.",https://www.tutorservices.in/competitive-exams/cuet-preparation,30,10,WebPage|BreadcrumbList|ListItem|Service|Country|EducationalAudience|ServiceChannel|Place|FAQPage|Question|Answer,5
/competitive-exams/jee-foundation,competitive-exams/jee-foundation.html,JEE Foundation Classes for Students | TutorServices,JEE Foundation Classes for Stronger Maths and Science Thinking,"Build strong Maths, Physics and Chemistry concepts with personalised JEE Foundation classes for Class 8, 9 and 10 students through verified tutors.",https://www.tutorservices.in/competitive-exams/jee-foundation,29,10,WebPage|BreadcrumbList|ListItem|Service|Country|EducationalAudience|ServiceChannel|Place|FAQPage|Question|Answer,5
/competitive-exams/neet-foundation,competitive-exams/neet-foundation.html,NEET Foundation Classes for Students | TutorServices,NEET Foundation Classes for Stronger Biology and Science Concepts,"Build strong Biology, Physics and Chemistry concepts with personalised NEET Foundation classes for Class 8, 9 and 10 students through verified tutors.",https://www.tutorservices.in/competitive-exams/neet-foundation,29,10,WebPage|BreadcrumbList|ListItem|Service|Country|EducationalAudience|ServiceChannel|Place|FAQPage|Question|Answer,5
/competitive-exams/olympiad-preparation,competitive-exams/olympiad-preparation.html,Olympiad Preparation Classes for Students | TutorServices,Olympiad Preparation Classes for Curious School Students,"Build deeper Maths, Science, English and reasoning skills with personalised Olympiad preparation classes, structured practice and verified tutors.",https://www.tutorservices.in/competitive-exams/olympiad-preparation,29,10,WebPage|BreadcrumbList|ListItem|Service|Country|EducationalAudience|ServiceChannel|Place|FAQPage|Question|Answer,5
/computer-courses,computer-courses.html,Computer Courses for Students | Practical Digital Skills,"Computer Courses That Turn Technology into a Confident, Useful Skill","Learn practical computer skills, MS Office, internet safety, coding basics, Python and digital productivity through beginner-friendly computer courses.",https://www.tutorservices.in/computer-courses,23,10,Organization|LocalBusiness|EducationalOrganization|ImageObject|Person|PostalAddress|Country|WebSite|WebPage|BreadcrumbList|ListItem|Service|EducationalAudience|Audience|FAQPage|Question|Answer,6
/contact,contact.html,Contact TutorServices | Request Tuition Support India,Let us help you find the right tutor.,"Contact TutorServices by phone, email, WhatsApp or enquiry form to request a tutor, book a free demo or receive registration assistance today.",https://www.tutorservices.in/contact,20,3,Organization|LocalBusiness|EducationalOrganization|ImageObject|Person|PostalAddress|Country|City|ContactPoint|WebSite|ContactPage|BreadcrumbList|ListItem|FAQPage|Question|Answer,4
/courses,courses.html,Subject Tutors in India | Academic & Skill Courses,Find the right subject tutor faster.,"Explore tutors for mathematics, science, languages, commerce, computer science, coding and skill-based courses for students across India today.",https://www.tutorservices.in/courses,30,3,Organization|LocalBusiness|EducationalOrganization|ImageObject|Person|PostalAddress|Country|City|ContactPoint|WebSite|CollectionPage|BreadcrumbList|ListItem|FAQPage|Question|Answer,9
/cuet-english-preparation-class-12-students,cuet-english-preparation-class-12-students.html,CUET English Preparation: A Practical TutorServices Guide,CUET English Preparation: A Practical TutorServices Guide,"Looking for CUET English Preparation? Learn how TutorServices helps parents choose suitable home and online tutors with practical, personalised support.",https://www.tutorservices.in/cuet-english-preparation-class-12-students,14,10,Organization|ImageObject|WebSite|WebPage|BreadcrumbList|ListItem|Article|FAQPage|Question|Answer,5
/editorial-policy,editorial-policy.html,TutorServices Editorial Policy & Content Standards,TutorServices Editorial Policy,"Read the TutorServices Editorial Policy covering educational content goals, accuracy, originality, AI assistance, updates, corrections and reader feedback.",https://www.tutorservices.in/editorial-policy,20,0,Organization|EducationalOrganization|ImageObject|Person|WebPage|BreadcrumbList|ListItem,3
/exam-preparation,exam-preparation.html,Exam Preparation Tuition | Board & Entrance Exams India,"Structured tuition for school, board and foundation exams.","Get structured tuition for school tests, Class 10 and 12 boards, competitive foundations, revision, mock tests and personalised exam planning.",https://www.tutorservices.in/exam-preparation,17,3,Organization|LocalBusiness|EducationalOrganization|ImageObject|Person|PostalAddress|Country|City|ContactPoint|WebSite|WebPage|BreadcrumbList|ListItem|Service|FAQPage|Question|Answer,10
/frequently-asked-questions,frequently-asked-questions.html,"TutorServices FAQs for Students, Parents and Tutors",TutorServices Frequently Asked Questions,"Find clear answers about TutorServices tutor matching, fees, home and online tuition, student enquiries, tutor registration, subjects, boards and locations.",https://www.tutorservices.in/frequently-asked-questions,23,0,Organization|EducationalOrganization|ImageObject|Person|WebPage|BreadcrumbList|ListItem,11
/google4e98645dcf787467,google4e98645dcf787467.html,,,,,0,0,,0
/group-tuition,group-tuition.html,Group Tuition in India | Small-Group Academic Classes,"Group Tuition for Collaborative, Structured and Affordable Learning","Find small-group tuition in India with verified tutors, interactive lessons, peer learning, regular assessments and affordable academic support.",https://www.tutorservices.in/group-tuition,29,10,Organization|LocalBusiness|EducationalOrganization|ImageObject|Person|PostalAddress|Country|WebSite|WebPage|BreadcrumbList|ListItem|Service|EducationalAudience|Audience|FAQPage|Question|Answer,6
/hobby-classes,hobby-classes.html,Hobby Classes for Children | Creative Kids Learning,Hobby Classes for Children That Develop Creativity and Life Skills,"Find creative hobby classes for children, including art, music, dance, crafts, speaking, chess and personality development with qualified instructors.",https://www.tutorservices.in/hobby-classes,22,10,Organization|LocalBusiness|EducationalOrganization|ImageObject|Person|PostalAddress|Country|WebSite|WebPage|BreadcrumbList|ListItem|Service|EducationalAudience|Audience|FAQPage|Question|Answer,6
/home-tuition-fees,home-tuition-fees.html,Home Tuition Fees in India | Tutor Cost Guide,Home Tuition Fees: What Affects the Cost?,"Understand home tuition fees, private tutor costs and the factors that affect pricing. Share your class, subject, mode and budget with TutorServices.",https://www.tutorservices.in/home-tuition-fees,24,8,WebPage|BreadcrumbList|ListItem|Service|Country|EducationalAudience|FAQPage|Question|Answer,7
/home-tuition-in-delhi-parent-guide,home-tuition-in-delhi-parent-guide.html,Delhi Home Tuition Guide | Find Tutors with TutorServices,Home Tuition in Delhi: A Practical Parent Guide,"Looking for Home Tuition in Delhi? Read this local TutorServices guide for parents comparing home tutors, private tutors, subjects, classes and online tuition in Delhi.",https://www.tutorservices.in/home-tuition-in-delhi-parent-guide,35,6,Organization|ImageObject|WebPage|BreadcrumbList|ListItem|BlogPosting|FAQPage|Question|Answer,5
/home-tuition-in-greater-noida-guide,home-tuition-in-greater-noida-guide.html,Greater Noida Home Tuition Guide | Find Tutors with TutorServices,Home Tuition in Greater Noida: A Practical Parent Guide,"Looking for Home Tuition in Greater Noida? Read this local TutorServices guide for parents comparing home tutors, private tutors, subjects, classes and online tuition in Greater Noida.",https://www.tutorservices.in/home-tuition-in-greater-noida-guide,33,6,Organization|ImageObject|WebPage|BreadcrumbList|ListItem|BlogPosting|FAQPage|Question|Answer,5
/home-tuition-in-gurugram-parent-guide,home-tuition-in-gurugram-parent-guide.html,Gurugram Home Tuition Guide | Find Tutors with TutorServices,Home Tuition in Gurugram: A Practical Parent Guide,"Looking for Home Tuition in Gurugram? Read this local TutorServices guide for parents comparing home tutors, private tutors, subjects, classes and online tuition in Gurugram.",https://www.tutorservices.in/home-tuition-in-gurugram-parent-guide,31,6,Organization|ImageObject|WebPage|BreadcrumbList|ListItem|BlogPosting|FAQPage|Question|Answer,5
/home-tuition-in-noida-parent-guide,home-tuition-in-noida-parent-guide.html,Noida Home Tuition Guide | Find Tutors with TutorServices,Home Tuition in Noida: A Practical Parent Guide,"Looking for Home Tuition in Noida? Read this local TutorServices guide for parents comparing home tutors, private tutors, subjects, classes and online tuition in Noida.",https://www.tutorservices.in/home-tuition-in-noida-parent-guide,31,6,Organization|ImageObject|WebPage|BreadcrumbList|ListItem|BlogPosting|FAQPage|Question|Answer,5
/home-tuition-in-noida-sector-137,home-tuition-in-noida-sector-137.html,Noida Sector 137 Home Tuition Guide | Find Tutors with TutorServices,Home Tuition in Noida Sector 137: A Practical Parent Guide,"Looking for Home Tuition in Noida Sector 137? Read this local TutorServices guide for parents comparing home tutors, private tutors, subjects, classes and online tuition in Noida Sector 137.",https://www.tutorservices.in/home-tuition-in-noida-sector-137,31,6,Organization|ImageObject|WebPage|BreadcrumbList|ListItem|BlogPosting|FAQPage|Question|Answer,5
/home-tuition-in-south-delhi-guide,home-tuition-in-south-delhi-guide.html,South Delhi Home Tuition Guide | Find Tutors with TutorServices,Home Tuition in South Delhi: A Practical Parent Guide,"Looking for Home Tuition in South Delhi? Read this local TutorServices guide for parents comparing home tutors, private tutors, subjects, classes and online tuition in South Delhi.",https://www.tutorservices.in/home-tuition-in-south-delhi-guide,32,6,Organization|ImageObject|WebPage|BreadcrumbList|ListItem|BlogPosting|FAQPage|Question|Answer,5
/home-tuition-on-golf-course-road-gurugram,home-tuition-on-golf-course-road-gurugram.html,"Golf Course Road, Gurugram Home Tuition Guide | Find Tutors with TutorServices",Home Tuition on Golf Course Road Gurugram: A Practical Parent Guide,"Looking for Home Tuition on Golf Course Road Gurugram? Read this local TutorServices guide for parents comparing home tutors, private tutors, subjects, classes and online tuition in Golf Course Road, Gurugram.",https://www.tutorservices.in/home-tuition-on-golf-course-road-gurugram,33,6,Organization|ImageObject|WebPage|BreadcrumbList|ListItem|BlogPosting|FAQPage|Question|Answer,5
/home-tuition,home-tuition.html,Home Tuition in India | Verified Personal Tutors Near You,Personalised home tuition for every class and subject.,"Find verified home tutors for Class 1 to 12, CBSE, ICSE and State Boards. Request personalised tuition by subject, location and preferred timing.",https://www.tutorservices.in/home-tuition,30,3,Organization|LocalBusiness|EducationalOrganization|ImageObject|Person|PostalAddress|Country|City|ContactPoint|WebSite|WebPage|BreadcrumbList|ListItem|Service|FAQPage|Question|Answer,10
/home-tutor-in-dlf-phase-2-gurugram,home-tutor-in-dlf-phase-2-gurugram.html,"DLF Phase 2, Gurugram Home Tuition Guide | Find Tutors with TutorServices",Home Tutor in DLF Phase 2 Gurugram: A Practical Parent Guide,"Looking for Home Tutor in DLF Phase 2 Gurugram? Read this local TutorServices guide for parents comparing home tutors, private tutors, subjects, classes and online tuition in DLF Phase 2, Gurugram.",https://www.tutorservices.in/home-tutor-in-dlf-phase-2-gurugram,31,6,Organization|ImageObject|WebPage|BreadcrumbList|ListItem|BlogPosting|FAQPage|Question|Answer,5
/home-tutor-in-dwarka-parent-checklist,home-tutor-in-dwarka-parent-checklist.html,Dwarka Home Tuition Guide | Find Tutors with TutorServices,Home Tutor in Dwarka: A Practical Parent Guide,"Looking for Home Tutor in Dwarka? Read this local TutorServices guide for parents comparing home tutors, private tutors, subjects, classes and online tuition in Dwarka.",https://www.tutorservices.in/home-tutor-in-dwarka-parent-checklist,33,6,Organization|ImageObject|WebPage|BreadcrumbList|ListItem|BlogPosting|FAQPage|Question|Answer,5
/home-tutor-in-greater-noida-west,home-tutor-in-greater-noida-west.html,Greater Noida West Home Tuition Guide | Find Tutors with TutorServices,Home Tutor in Greater Noida West: A Practical Parent Guide,"Looking for Home Tutor in Greater Noida West? Read this local TutorServices guide for parents comparing home tutors, private tutors, subjects, classes and online tuition in Greater Noida West.",https://www.tutorservices.in/home-tutor-in-greater-noida-west,33,6,Organization|ImageObject|WebPage|BreadcrumbList|ListItem|BlogPosting|FAQPage|Question|Answer,5
/home-tutor-in-noida-sector-62,home-tutor-in-noida-sector-62.html,Noida Sector 62 Home Tuition Guide | Find Tutors with TutorServices,Home Tutor in Noida Sector 62: A Practical Parent Guide,"Looking for Home Tutor in Noida Sector 62? Read this local TutorServices guide for parents comparing home tutors, private tutors, subjects, classes and online tuition in Noida Sector 62.",https://www.tutorservices.in/home-tutor-in-noida-sector-62,32,6,Organization|ImageObject|WebPage|BreadcrumbList|ListItem|BlogPosting|FAQPage|Question|Answer,5
/home-tutor-near-me-cbse-students,home-tutor-near-me-cbse-students.html,Home Tutor Near Me for CBSE Students | Tutorservices,Home Tutor Near Me for CBSE Students: A Complete Guide for Parents,"Looking for a home tutor near you for a CBSE student? Learn the benefits, compare learning modes and choose suitable tuition support with Tutorservices.",https://www.tutorservices.in/home-tutor-near-me-cbse-students,34,8,Organization|ImageObject|WebSite|WebPage|BreadcrumbList|ListItem|Article|FAQPage|Question|Answer,6
/how-we-verify-tutors,how-we-verify-tutors.html,Tutor Verification Process and Standards | TutorServices,How the Tutor Verification Process Works at TutorServices,"Learn how TutorServices reviews tutor applications, qualifications, experience, subjects, availability and feedback before relevant student matching.",https://www.tutorservices.in/how-we-verify-tutors,20,10,Organization|EducationalOrganization|ImageObject|Person|WebPage|BreadcrumbList|ListItem|FAQPage|Question|Answer,7
/,index.html,"TutorServices | Home Tutors, Online Tuition & Private Tutors",India's Trusted Home Tuition Bureau,"Find verified home tutors, private tutors and online tuition for Class 1 to 12, major boards, subjects, exams, spoken English and computer courses across India.",https://www.tutorservices.in/,27,8,Organization|LocalBusiness|EducationalOrganization|ImageObject|AggregateRating|Person|PostalAddress|Country|City|ContactPoint|WebSite|WebPage|FAQPage|Question|Answer|Review,12
/languages,languages.html,Language Classes and Communication Skills | TutorServices,"Language Classes for Better Fluency, Grammar and Communication","Find personalised language classes for spoken English, grammar, Hindi and communication skills through verified home and online TutorServices tutors.",https://www.tutorservices.in/languages,23,10,Organization|LocalBusiness|EducationalOrganization|ImageObject|PostalAddress|Country|Person|CollectionPage|BreadcrumbList|ListItem|Service|Audience|ItemList|FAQPage|Question|Answer,6
/languages/english-grammar-classes,languages/english-grammar-classes.html,English Grammar Classes and Tutors | TutorServices,English Grammar Classes for Clear Writing and Confident Communication,"Build grammar, sentence construction and writing accuracy through personalised English grammar classes with verified TutorServices tutors across India.",https://www.tutorservices.in/languages/english-grammar-classes,22,10,Organization|LocalBusiness|EducationalOrganization|ImageObject|PostalAddress|Country|Person|WebPage|BreadcrumbList|ListItem|Course|Audience|Service|ServiceChannel|Place|FAQPage|Question|Answer,5
/languages/spoken-english-classes,languages/spoken-english-classes.html,Spoken English Classes for Fluency | TutorServices,Spoken English Classes for Confident Everyday Communication,"Build English fluency, pronunciation and communication confidence through personalised spoken English classes with verified TutorServices tutors in India.",https://www.tutorservices.in/languages/spoken-english-classes,22,10,Organization|LocalBusiness|EducationalOrganization|ImageObject|PostalAddress|Country|Person|WebPage|BreadcrumbList|ListItem|Course|Audience|Service|ServiceChannel|Place|FAQPage|Question|Answer,5
/locations,locations.html,Home Tuition Areas in Delhi & Online Across India | Tutors,Tuition support across Delhi and online throughout India.,"Find TutorServices home tuition support across Delhi areas and request live online tutors anywhere in India by class, subject, board and timing.",https://www.tutorservices.in/locations,22,3,Organization|LocalBusiness|EducationalOrganization|ImageObject|Person|PostalAddress|Country|City|ContactPoint|WebSite|CollectionPage|BreadcrumbList|ListItem|FAQPage|Question|Answer,6
/offline-tuition,offline-tuition.html,Offline Tuition in India | Local Classes & Tutors,"Offline Tuition in India for Focused, In-Person Academic Support","Find verified offline tutors and face-to-face tuition classes in India for school subjects, boards and exams with flexible, personalised support.",https://www.tutorservices.in/offline-tuition,28,10,Organization|LocalBusiness|EducationalOrganization|ImageObject|Person|PostalAddress|Country|WebSite|WebPage|BreadcrumbList|ListItem|Service|EducationalAudience|Audience|FAQPage|Question|Answer,6
/one-to-one-tuition,one-to-one-tuition.html,One-to-One Tuition in India | Verified Personal Tutors,One-to-One Tuition Built Around the Individual Learner,"Find verified one-to-one tutors in India for personalised lessons, flexible study plans, individual attention and measurable academic progress.",https://www.tutorservices.in/one-to-one-tuition,29,10,Organization|LocalBusiness|EducationalOrganization|ImageObject|Person|PostalAddress|Country|WebSite|WebPage|BreadcrumbList|ListItem|Service|EducationalAudience|Audience|FAQPage|Question|Answer,6
/one-to-one-vs-group-tuition,one-to-one-vs-group-tuition.html,One-to-One Tuition vs Group Tuition: A Practical TutorServices Guide,One-to-One Tuition vs Group Tuition: A Practical TutorServices Guide,"Looking for One-to-One Tuition vs Group Tuition? Learn how TutorServices helps parents choose suitable home and online tutors with practical, personalised support.",https://www.tutorservices.in/one-to-one-vs-group-tuition,14,10,Organization|ImageObject|WebSite|WebPage|BreadcrumbList|ListItem|Article|FAQPage|Question|Answer,5
/online-learning-tips,online-learning-tips.html,Online Learning Tips for Better Results | TutorServices,Online Learning Tips for Better Results,"Use practical online learning tips to prepare your study space, participate actively, review lessons, manage distractions and track progress.",https://www.tutorservices.in/online-learning-tips,17,2,Organization|LocalBusiness|EducationalOrganization|ImageObject|Person|PostalAddress|Country|City|ContactPoint|WebSite|WebPage|BreadcrumbList|ListItem|Article|FAQPage|Question|Answer,4
/online-tuition-for-shy-students,online-tuition-for-shy-students.html,Online Tuition for Shy Students: A Practical TutorServices Guide,Online Tuition for Shy Students: A Practical TutorServices Guide,"Looking for Online Tuition for Shy Students? Learn how TutorServices helps parents choose suitable home and online tutors with practical, personalised support.",https://www.tutorservices.in/online-tuition-for-shy-students,14,10,Organization|ImageObject|WebSite|WebPage|BreadcrumbList|ListItem|Article|FAQPage|Question|Answer,5
/online-tuition-vs-home-tuition,online-tuition-vs-home-tuition.html,Online Tuition vs Home Tuition | Parent Guide India,Online Tuition vs Home Tuition: Which Is Better for Students in India?,"Compare online tuition vs home tuition for Indian students. Learn benefits, limits, costs, class-wise fit, FAQs and how to choose the right tutor.",https://www.tutorservices.in/online-tuition-vs-home-tuition,30,6,Organization|ImageObject|WebSite|WebPage|BreadcrumbList|ListItem|Article|FAQPage|Question|Answer,2
/online-tuition,online-tuition.html,Online Tuition in India | Live Personal Tutors for Students,Live online tuition from anywhere in India.,"Join live online tuition for Class 1 to 12, major boards, academic subjects and skill courses with flexible timing and personal tutor support.",https://www.tutorservices.in/online-tuition,22,3,Organization|LocalBusiness|EducationalOrganization|ImageObject|Person|PostalAddress|Country|City|ContactPoint|WebSite|WebPage|BreadcrumbList|ListItem|Service|FAQPage|Question|Answer,10
/privacy-policy,privacy-policy.html,Privacy Policy | TutorServices Student and Tutor Data,Privacy Policy,"Read how TutorServices collects, uses and shares enquiry information, uses analytics and browser storage, protects data and handles privacy requests.",https://www.tutorservices.in/privacy-policy,20,0,Organization|EducationalOrganization|ImageObject|Person|WebPage|BreadcrumbList|ListItem,1
/private-tutor-in-rohini-school-students,private-tutor-in-rohini-school-students.html,Rohini Home Tuition Guide | Find Tutors with TutorServices,Private Tutor in Rohini: A Practical Parent Guide,"Looking for Private Tutor in Rohini? Read this local TutorServices guide for parents comparing home tutors, private tutors, subjects, classes and online tuition in Rohini.",https://www.tutorservices.in/private-tutor-in-rohini-school-students,32,6,Organization|ImageObject|WebPage|BreadcrumbList|ListItem|BlogPosting|FAQPage|Question|Answer,5
/services,services.html,Tuition Services in India | Home & Online Tutors Today,Complete tuition and skill-learning solutions.,"Explore home tuition, online classes, offline coaching, spoken English, hobby classes, computer courses and exam preparation across India today.",https://www.tutorservices.in/services,33,3,Organization|LocalBusiness|EducationalOrganization|ImageObject|Person|PostalAddress|Country|City|ContactPoint|WebSite|CollectionPage|BreadcrumbList|ListItem|Service|ItemList|FAQPage|Question|Answer,3
/spoken-english-guide,spoken-english-guide.html,Spoken English Guide to Fluency | TutorServices India,Spoken English Guide: Improve Fluency and Confidence,"Improve spoken English with daily conversation, listening, useful phrases, pronunciation practice and a simple routine for greater confidence.",https://www.tutorservices.in/spoken-english-guide,22,2,Organization|LocalBusiness|EducationalOrganization|ImageObject|Person|PostalAddress|Country|City|ContactPoint|WebSite|WebPage|BreadcrumbList|ListItem|Article|FAQPage|Question|Answer,4
/student-registration,student-registration.html,Request a Tutor | Book a Free Demo Class Today India,Book a free demo with a verified tutor.,"Share the student's class, board, subjects, city and preferred learning mode to request a verified tutor and book a free demonstration class.",https://www.tutorservices.in/student-registration,17,3,Organization|LocalBusiness|EducationalOrganization|ImageObject|Person|PostalAddress|Country|City|ContactPoint|WebSite|WebPage|BreadcrumbList|ListItem|FAQPage|Question|Answer,32
/subjects,subjects.html,Subject Tuition in India | Expert Tutors | TutorServices,Subject Tuition in India for Every Learning Goal,"Find qualified subject tutors for maths, science, English, commerce and computer science through personalised home and online tuition across India.",https://www.tutorservices.in/subjects,33,8,CollectionPage|BreadcrumbList|ListItem|Service|Country|EducationalAudience|ItemList|FAQPage|Question|Answer,4
/subjects/accountancy-tuition,subjects/accountancy-tuition.html,Accountancy Tuition in India | Accounts Tutors,Accountancy Tuition for Clear Concepts and Practical Progress,"Find Accountancy tuition for Class 11, Class 12 and commerce learners. Request personalised home or online support for concepts, practice and exams.",https://www.tutorservices.in/subjects/accountancy-tuition,23,8,WebPage|BreadcrumbList|ListItem|Service|Country|EducationalAudience|FAQPage|Question|Answer,9
/subjects/biology-tuition,subjects/biology-tuition.html,Biology Tuition in India | Biology Tutor | TutorServices,Biology Tuition in India for Clear Concepts and Confident Recall,"Find verified Biology tutors for Class 9 to 12, CBSE, ICSE and State Boards with personalised home and online Biology tuition across India today.",https://www.tutorservices.in/subjects/biology-tuition,27,10,WebPage|BreadcrumbList|ListItem|Service|Country|EducationalAudience|ServiceChannel|FAQPage|Question|Answer,5
/subjects/business-studies-tuition,subjects/business-studies-tuition.html,Business Studies Tuition | Class 11 & 12 Tutors,Business Studies Tuition for Clear Concepts and Practical Progress,"Find Business Studies tuition for Class 11 and 12. Build concept clarity, case-study skills and structured board-exam answers with a suitable tutor.",https://www.tutorservices.in/subjects/business-studies-tuition,23,8,WebPage|BreadcrumbList|ListItem|Service|Country|EducationalAudience|FAQPage|Question|Answer,9
/subjects/chemistry-tuition,subjects/chemistry-tuition.html,Chemistry Tuition in India | Chemistry Tutor | TutorServices,Chemistry Tuition in India for Clear Concepts and Confident Problem-Solving,"Find verified Chemistry tutors for Class 9 to 12, CBSE, ICSE and State Boards with personalised home and online Chemistry tuition across India.",https://www.tutorservices.in/subjects/chemistry-tuition,26,10,WebPage|BreadcrumbList|ListItem|Service|Country|EducationalAudience|ServiceChannel|FAQPage|Question|Answer,5
/subjects/coding-for-kids,subjects/coding-for-kids.html,Coding for Kids Classes | Online & Home Tutors,Coding for Kids Tuition for Clear Concepts and Practical Progress,"Explore coding classes for kids focused on logic, creativity and age-appropriate projects. Request a suitable home or online coding tutor through TutorServices.",https://www.tutorservices.in/subjects/coding-for-kids,23,8,WebPage|BreadcrumbList|ListItem|Service|Country|EducationalAudience|FAQPage|Question|Answer,9
/subjects/computer-science-tuition,subjects/computer-science-tuition.html,Computer Science Tuition | School Coding Tutors India,Computer Science Tuition for Clear Concepts and Practical Progress,"Request Computer Science tuition for school students covering programming, logic, databases and practical work through home or online tutor support.",https://www.tutorservices.in/subjects/computer-science-tuition,23,8,WebPage|BreadcrumbList|ListItem|Service|Country|EducationalAudience|FAQPage|Question|Answer,9
/subjects/economics-tuition,subjects/economics-tuition.html,Economics Tuition in India | School Economics Tutors,Economics Tuition for Clear Concepts and Practical Progress,"Request Economics tuition for senior school and board preparation. Learn concepts, diagrams, data interpretation and answer writing through home or online classes.",https://www.tutorservices.in/subjects/economics-tuition,23,8,WebPage|BreadcrumbList|ListItem|Service|Country|EducationalAudience|FAQPage|Question|Answer,9
/subjects/english-tuition,subjects/english-tuition.html,English Tuition in India | English Tutor | TutorServices,"English Tuition in India for Stronger Reading, Writing and Results","Find verified English tutors for Class 1 to 12, CBSE, ICSE and State Boards with personalised home and online English tuition across India today.",https://www.tutorservices.in/subjects/english-tuition,29,10,WebPage|BreadcrumbList|ListItem|Service|Country|EducationalAudience|ServiceChannel|FAQPage|Question|Answer,5
/subjects/hindi-tuition,subjects/hindi-tuition.html,Hindi Tuition in India | Hindi Language Tutors,Hindi Tuition for Clear Concepts and Practical Progress,"Find Hindi tuition for school grammar, literature, reading, writing and board preparation. Request home or online classes matched to the student level.",https://www.tutorservices.in/subjects/hindi-tuition,23,8,WebPage|BreadcrumbList|ListItem|Service|Country|EducationalAudience|FAQPage|Question|Answer,9
/subjects/mathematics-tuition,subjects/mathematics-tuition.html,Mathematics Tuition in India | Maths Tutor | TutorServices,Mathematics Tuition in India That Builds Real Understanding,"Find verified maths tutors for Class 1 to 12, CBSE, ICSE and State Boards through personalised home and online mathematics tuition across India.",https://www.tutorservices.in/subjects/mathematics-tuition,26,10,WebPage|BreadcrumbList|ListItem|Service|Country|EducationalAudience|ServiceChannel|FAQPage|Question|Answer,5
/subjects/physics-tuition,subjects/physics-tuition.html,Physics Tuition in India | Physics Tutor | TutorServices,Physics Tuition in India for Deeper Understanding and Better Problem-Solving,"Find verified Physics tutors for Class 9 to 12, CBSE, ICSE and State Boards with personalised home and online Physics tuition across India today.",https://www.tutorservices.in/subjects/physics-tuition,26,10,WebPage|BreadcrumbList|ListItem|Service|Country|EducationalAudience|ServiceChannel|FAQPage|Question|Answer,5
/subjects/science-tuition,subjects/science-tuition.html,Science Tuition in India | Science Tutor | TutorServices,Science Tuition in India for Clear Concepts and Confident Learning,"Find verified science tutors for Class 1 to 10, CBSE, ICSE and State Boards with personalised home and online science tuition across India today.",https://www.tutorservices.in/subjects/science-tuition,26,10,WebPage|BreadcrumbList|ListItem|Service|Country|EducationalAudience|ServiceChannel|FAQPage|Question|Answer,5
/subjects/social-science-tuition,subjects/social-science-tuition.html,"Social Science Tuition | History, Civics & Geography",Social Science Tuition for Clear Concepts and Practical Progress,"Request Social Science tuition for History, Civics, Geography and Economics. Build understanding, map skills, timelines and answer-writing confidence.",https://www.tutorservices.in/subjects/social-science-tuition,23,8,WebPage|BreadcrumbList|ListItem|Service|Country|EducationalAudience|FAQPage|Question|Answer,9
/terms-and-conditions,terms-and-conditions.html,Terms & Conditions | TutorServices Website and Services,Terms & Conditions,"Read the TutorServices Terms and Conditions covering student enquiries, tutor registration, user responsibilities, third parties and service limitations.",https://www.tutorservices.in/terms-and-conditions,19,0,Organization|EducationalOrganization|ImageObject|Person|WebPage|BreadcrumbList|ListItem,1
/tutor-code-of-conduct,tutor-code-of-conduct.html,Tutor Code of Conduct & Standards | TutorServices,Tutor Code of Conduct,"Read the TutorServices Tutor Code of Conduct covering professional behaviour, student safety, communication, confidentiality and responsible teaching.",https://www.tutorservices.in/tutor-code-of-conduct,21,0,Organization|EducationalOrganization|ImageObject|Person|WebPage|BreadcrumbList|ListItem,3
/tutor-matching-checklist-for-parents,tutor-matching-checklist-for-parents.html,Tutor Matching Checklist: A Practical TutorServices Guide,Tutor Matching Checklist: A Practical TutorServices Guide,"Looking for Tutor Matching Checklist? Learn how TutorServices helps parents choose suitable home and online tutors with practical, personalised support.",https://www.tutorservices.in/tutor-matching-checklist-for-parents,14,10,Organization|ImageObject|WebSite|WebPage|BreadcrumbList|ListItem|Article|FAQPage|Question|Answer,5
/tutor-registration,tutor-registration.html,Tutor Registration India | Join TutorServices Today,Grow your teaching career with quality student leads.,"Register with TutorServices to teach home, online or offline classes. Share your qualifications, experience, subjects and preferred location.",https://www.tutorservices.in/tutor-registration,17,3,Organization|LocalBusiness|EducationalOrganization|ImageObject|Person|PostalAddress|Country|City|ContactPoint|WebSite|WebPage|BreadcrumbList|ListItem|FAQPage|Question|Answer,1
/tutors-near-me,tutors-near-me.html,"Tutor Near Me | Find Home, Private & Online Tutors",Find a Tutor Near You for Personalised Learning,"Find a tutor near you for Class 1 to 12, school subjects and major boards. Compare home and online tuition and request a suitable TutorServices match.",https://www.tutorservices.in/tutors-near-me,28,8,WebPage|BreadcrumbList|ListItem|Service|Country|City|EducationalAudience|FAQPage|Question|Answer,9
