url,file,title,meta_description,h1,h1_count,canonical,page_cluster,schema_types
/about,about.html,About TutorServices | Trusted Tuition Support in India,"Learn about TutorServices, founded by Meenakshi Sharma, and our mission to connect students and parents with verified tutors across India today.",tutorservices helps India learn with confidence.,1,https://www.tutorservices.in/about,General service / commercial,
/academic-coaching,academic-coaching.html,Academic Coaching for Class 1 to 12 | TutorServices,"Find structured academic coaching for Class 1 to 12 with personalised study plans, concept support, progress tracking and better learning habits.","Academic Coaching for Stronger Learning, Better Habits and Long-Term Success",1,https://www.tutorservices.in/academic-coaching,General service / commercial,
/benefits-of-home-tuition,benefits-of-home-tuition.html,Benefits of Home Tuition for Students | TutorServices,"Learn how home tuition gives students personal attention, flexible lessons, faster doubt resolution, stronger concepts and focused exam support.",Benefits of Home Tuition for Students,1,https://www.tutorservices.in/benefits-of-home-tuition,Home tuition,
/best-home-tuition-services-india,best-home-tuition-services-india.html,How to Choose Home Tuition Services in India | Parent Guide,"Learn how to compare home tuition services, evaluate tutor experience, use demo classes and choose suitable academic support for your child.",Best Home Tuition Services in India: A Complete Guide for Parents and Students,1,https://www.tutorservices.in/best-home-tuition-services-india,Home tuition,
/blog,blog.html,"Education Blog | Tuition, Study & Exam Guides India","Read practical educational articles about home tuition, online learning, board exams, spoken English, study skills and choosing the right tutor.","Helpful tuition guides for parents, students and tutors.",1,https://www.tutorservices.in/blog,Blog / informational,
/boards/cbse-tuition,boards/cbse-tuition.html,CBSE Tuition in India | Home & Online Tutors | TutorServices,"Find CBSE tuition in India with experienced home and online tutors for Classes 1–12, NCERT learning, subject support and board exam preparation.",CBSE Tuition in India for Strong Concepts and Exam Readiness,1,https://www.tutorservices.in/boards/cbse-tuition,Board tuition,
/boards/class-10-board-tuition,boards/class-10-board-tuition.html,Class 10 Board Tuition | Expert Tutors | TutorServices,"Find Class 10 board tuition with personalised home or online tutors for Maths, Science, English and exam preparation across CBSE, ICSE and State Boards.",Class 10 Board Tuition for Stronger Preparation and Confidence,1,https://www.tutorservices.in/boards/class-10-board-tuition,Classes 1-12 tuition,
/boards/class-12-board-tuition,boards/class-12-board-tuition.html,Class 12 Board Tuition | Expert Tutors | TutorServices,"Find Class 12 board tuition with expert home or online tutors for Science, Commerce and Humanities, board exams, mock tests and university readiness.",Class 12 Board Tuition for Exam Success and University Readiness,1,https://www.tutorservices.in/boards/class-12-board-tuition,Classes 1-12 tuition,
/boards/icse-tuition,boards/icse-tuition.html,ICSE Tuition in India | Home & Online Tutors | TutorServices,"Find ICSE tuition in India with experienced home and online tutors for Classes 1–12, detailed subject learning, language skills and board preparation.",ICSE Tuition in India for Deeper Learning and Confident Expression,1,https://www.tutorservices.in/boards/icse-tuition,Board tuition,
/boards/state-board-tuition,boards/state-board-tuition.html,State Board Tuition in India | Expert Tutors | TutorServices,"Find State Board tuition in India with home and online tutors familiar with regional syllabi, language preferences, school subjects and board exams.",State Board Tuition in India Aligned with Your Exact Syllabus,1,https://www.tutorservices.in/boards/state-board-tuition,Board tuition,
/boards,boards.html,"Board Tuition in India | CBSE, ICSE, IGCSE, IB & NIOS Tutors","Find board tuition in India for CBSE, ICSE, IGCSE, IB, NIOS and State Boards with personalised home or online tutor support for school students.",Board Tuition in India for Focused Learning and Exam Preparation,1,https://www.tutorservices.in/boards,Board tuition,
/cities/delhi/connaught-place-home-tuition,cities/delhi/connaught-place-home-tuition.html,Home Tuition in Connaught Place | Verified Tutors Delhi,"Find verified home tutors in Connaught Place and Central Delhi for Classes 1–12, subjects, boards and exams with flexible online alternatives.",Home Tuition in Connaught Place for Students and Lifelong Learners,1,https://www.tutorservices.in/cities/delhi/connaught-place-home-tuition,Location SEO,
/cities/delhi/dwarka-home-tuition,cities/delhi/dwarka-home-tuition.html,Verified Home Tuition in Dwarka | TutorServices India,"Find verified home tutors in Dwarka for Classes 1–12, boards, subjects and exams through sector-aware matching with flexible online options.",Home Tuition in Dwarka for Personalised School and Exam Learning,1,https://www.tutorservices.in/cities/delhi/dwarka-home-tuition,Location SEO,
/cities/delhi/rohini-home-tuition,cities/delhi/rohini-home-tuition.html,Verified Home Tuition in Rohini | TutorServices India,"Find verified home tutors in Rohini for Classes 1–12, boards, subjects and exams through personalised matching with flexible online options.",Home Tuition in Rohini for Stronger Concepts and Study Habits,1,https://www.tutorservices.in/cities/delhi/rohini-home-tuition,Location SEO,
/cities/delhi/south-delhi-home-tuition,cities/delhi/south-delhi-home-tuition.html,Verified Home Tuition in South Delhi | TutorServices India,"Find verified home tutors in South Delhi for Classes 1–12, boards, subjects and exams through personalised matching and flexible online options.","Home Tuition in South Delhi for Focused, Flexible Learning",1,https://www.tutorservices.in/cities/delhi/south-delhi-home-tuition,Location SEO,
/cities/delhi,cities/delhi.html,Home Tuition in Delhi with Verified Tutors | TutorServices,"Find personalised home tuition in Delhi for school subjects, boards and exams through verified TutorServices tutors, with online options available.","Home Tuition in Delhi for Every Class, Board and Learning Goal",1,https://www.tutorservices.in/cities/delhi,Location SEO,
/cities,cities.html,Home Tuition Locations and Verified Tutors | TutorServices,"Explore TutorServices home tuition locations, Delhi tutor availability and personalised online tuition options for students throughout India today.",Home Tuition Locations for Personalised Tutor Support,1,https://www.tutorservices.in/cities,Location SEO,
/class-10-board-exam-preparation,class-10-board-exam-preparation.html,Class 10 Board Exam Preparation Plan | TutorServices,"Follow a practical Class 10 board exam plan covering syllabus mapping, weekly targets, revision cycles, answer writing and sample-paper practice.",Class 10 Board Exam Preparation Plan,1,https://www.tutorservices.in/class-10-board-exam-preparation,Classes 1-12 tuition,
/classes/class-1-to-5-tuition,classes/class-1-to-5-tuition.html,Tuition for Class 1 to 5 | Primary Tutors | TutorServices,"Find tuition for Class 1 to 5 with child-friendly home or online tutors for primary Maths, English, EVS, Hindi, homework and strong learning habits.","Tuition for Class 1 to 5 That Builds Skills, Curiosity and Confidence",1,https://www.tutorservices.in/classes/class-1-to-5-tuition,Classes 1-12 tuition,
/classes/class-10-tuition,classes/class-10-tuition.html,Class 10 Tuition | Expert Home & Online Tutors India,"Find Class 10 tuition with verified home or online tutors for complete academic support, concept clarity, revision and confident board-year progress.","Class 10 Tuition for Concept Mastery, Consistent Revision and Board Exam Confidence",1,https://www.tutorservices.in/classes/class-10-tuition,Classes 1-12 tuition,
/classes/class-11-tuition,classes/class-11-tuition.html,Class 11 Tuition | Stream-Specific Tutors in India,"Find Class 11 tuition with verified home or online tutors for Science, Commerce and Humanities subjects, concept building and senior-secondary success.","Class 11 Tuition for Stream-Specific Learning, Deeper Concepts and Future Readiness",1,https://www.tutorservices.in/classes/class-11-tuition,Classes 1-12 tuition,
/classes/class-12-tuition,classes/class-12-tuition.html,Class 12 Tuition | Board & Entrance Exam Support India,"Find Class 12 tuition with verified home or online tutors for Science, Commerce and Humanities, board success, admissions and entrance preparation.","Class 12 Tuition for Academic Excellence, Board Confidence and Higher-Education Goals",1,https://www.tutorservices.in/classes/class-12-tuition,Classes 1-12 tuition,
/classes/class-6-to-8-tuition,classes/class-6-to-8-tuition.html,Tuition for Class 6 to 8 | Middle School Tutors India,"Find tuition for Class 6 to 8 with verified home or online tutors for Maths, Science, English and concept-focused middle-school learning across India.","Tuition for Class 6 to 8 That Builds Clarity, Confidence and Independent Thinking",1,https://www.tutorservices.in/classes/class-6-to-8-tuition,Classes 1-12 tuition,
/classes/class-9-tuition,classes/class-9-tuition.html,Class 9 Tuition | Expert Home & Online Tutors India,"Find Class 9 tuition with verified home or online tutors for Maths, Science, English and board-aligned concept preparation before the Class 10 year.","Class 9 Tuition for Stronger Concepts, Better Performance and Class 10 Readiness",1,https://www.tutorservices.in/classes/class-9-tuition,Classes 1-12 tuition,
/classes,classes.html,Tuition for Class 1 to 12 in India | TutorServices,"Find tuition for Class 1 to 12 in India with personalised home or online tutors matched by class, board, subjects, learning stage and academic goals.","Tuition for Class 1 to 12 in India, Matched to Every Learning Stage",1,https://www.tutorservices.in/classes,Classes 1-12 tuition,
/competitive-exams/cuet-preparation,competitive-exams/cuet-preparation.html,CUET Preparation Classes and Tutors | TutorServices,"Prepare for CUET with personalised subject support, concept revision, practice questions, mock tests and study planning through verified TutorServices tutors.",CUET Preparation Classes Built Around Your University Goals,1,https://www.tutorservices.in/competitive-exams/cuet-preparation,Exam preparation,
/competitive-exams/jee-foundation,competitive-exams/jee-foundation.html,JEE Foundation Classes for Students | TutorServices,"Build strong Maths, Physics and Chemistry concepts with personalised JEE Foundation classes for Class 8, 9 and 10 students through verified tutors.",JEE Foundation Classes for Stronger Maths and Science Thinking,1,https://www.tutorservices.in/competitive-exams/jee-foundation,Exam preparation,
/competitive-exams/neet-foundation,competitive-exams/neet-foundation.html,NEET Foundation Classes for Students | TutorServices,"Build strong Biology, Physics and Chemistry concepts with personalised NEET Foundation classes for Class 8, 9 and 10 students through verified tutors.",NEET Foundation Classes for Stronger Biology and Science Concepts,1,https://www.tutorservices.in/competitive-exams/neet-foundation,Exam preparation,
/competitive-exams/olympiad-preparation,competitive-exams/olympiad-preparation.html,Olympiad Preparation Classes for Students | TutorServices,"Build deeper Maths, Science, English and reasoning skills with personalised Olympiad preparation classes, structured practice and verified tutors.",Olympiad Preparation Classes for Curious School Students,1,https://www.tutorservices.in/competitive-exams/olympiad-preparation,Exam preparation,
/competitive-exams,competitive-exams.html,Competitive Exam Coaching in India | TutorServices,"Find competitive exam coaching for JEE, NEET, CUET and Olympiads with verified tutors, personalised study plans, regular tests and progress tracking.",Competitive Exam Coaching Built Around the Student’s Target,1,https://www.tutorservices.in/competitive-exams,Exam preparation,
/computer-courses,computer-courses.html,Computer Courses for Students | Practical Digital Skills,"Learn practical computer skills, MS Office, internet safety, coding basics, Python and digital productivity through beginner-friendly computer courses.","Computer Courses That Turn Technology into a Confident, Useful Skill",1,https://www.tutorservices.in/computer-courses,General service / commercial,
/contact,contact.html,Contact TutorServices | Request Tuition Support India,"Contact TutorServices by phone, email, WhatsApp or enquiry form to request a tutor, book a free demo or receive registration assistance today.",Let us help you find the right tutor.,1,https://www.tutorservices.in/contact,General service / commercial,
/courses,courses.html,Subject Tutors in India | Academic & Skill Courses,"Explore tutors for mathematics, science, languages, commerce, computer science, coding and skill-based courses for students across India today.",Find the right subject tutor faster.,1,https://www.tutorservices.in/courses,General service / commercial,
/cuet-english-preparation-class-12-students,cuet-english-preparation-class-12-students.html,CUET English Preparation: A Practical TutorServices Guide,"Looking for CUET English Preparation? Learn how TutorServices helps parents choose suitable home and online tutors with practical, personalised support.",CUET English Preparation: A Practical TutorServices Guide,1,https://www.tutorservices.in/cuet-english-preparation-class-12-students,Classes 1-12 tuition,
/editorial-policy,editorial-policy.html,TutorServices Editorial Policy & Content Standards,"Read the TutorServices Editorial Policy covering educational content goals, accuracy, originality, AI assistance, updates, corrections and reader feedback.",TutorServices Editorial Policy,1,https://www.tutorservices.in/editorial-policy,Trust / EEAT,
/exam-preparation,exam-preparation.html,Exam Preparation Tuition | Board & Entrance Exams India,"Get structured tuition for school tests, Class 10 and 12 boards, competitive foundations, revision, mock tests and personalised exam planning.","Structured tuition for school, board and foundation exams.",1,https://www.tutorservices.in/exam-preparation,Exam preparation,
/frequently-asked-questions,frequently-asked-questions.html,"TutorServices FAQs for Students, Parents and Tutors","Find clear answers about TutorServices tutor matching, fees, home and online tuition, student enquiries, tutor registration, subjects, boards and locations.",TutorServices Frequently Asked Questions,1,https://www.tutorservices.in/frequently-asked-questions,General service / commercial,
/google4e98645dcf787467,google4e98645dcf787467.html,,,,0,,General service / commercial,
/group-tuition,group-tuition.html,Group Tuition in India | Small-Group Academic Classes,"Find small-group tuition in India with verified tutors, interactive lessons, peer learning, regular assessments and affordable academic support.","Group Tuition for Collaborative, Structured and Affordable Learning",1,https://www.tutorservices.in/group-tuition,General service / commercial,
/hobby-classes,hobby-classes.html,Hobby Classes for Children | Creative Kids Learning,"Find creative hobby classes for children, including art, music, dance, crafts, speaking, chess and personality development with qualified instructors.",Hobby Classes for Children That Develop Creativity and Life Skills,1,https://www.tutorservices.in/hobby-classes,General service / commercial,
/home-tuition-in-delhi-parent-guide,home-tuition-in-delhi-parent-guide.html,Delhi Home Tuition Guide | Find Tutors with TutorServices,"Looking for Home Tuition in Delhi? Read this local TutorServices guide for parents comparing home tutors, private tutors, subjects, classes and online tuition in Delhi.",Home Tuition in Delhi: A Practical Parent Guide,1,https://www.tutorservices.in/home-tuition-in-delhi-parent-guide,Location SEO,
/home-tuition-in-greater-noida-guide,home-tuition-in-greater-noida-guide.html,Greater Noida Home Tuition Guide | Find Tutors with TutorServices,"Looking for Home Tuition in Greater Noida? Read this local TutorServices guide for parents comparing home tutors, private tutors, subjects, classes and online tuition in Greater Noida.",Home Tuition in Greater Noida: A Practical Parent Guide,1,https://www.tutorservices.in/home-tuition-in-greater-noida-guide,Location SEO,
/home-tuition-in-gurugram-parent-guide,home-tuition-in-gurugram-parent-guide.html,Gurugram Home Tuition Guide | Find Tutors with TutorServices,"Looking for Home Tuition in Gurugram? Read this local TutorServices guide for parents comparing home tutors, private tutors, subjects, classes and online tuition in Gurugram.",Home Tuition in Gurugram: A Practical Parent Guide,1,https://www.tutorservices.in/home-tuition-in-gurugram-parent-guide,Location SEO,
/home-tuition-in-noida-parent-guide,home-tuition-in-noida-parent-guide.html,Noida Home Tuition Guide | Find Tutors with TutorServices,"Looking for Home Tuition in Noida? Read this local TutorServices guide for parents comparing home tutors, private tutors, subjects, classes and online tuition in Noida.",Home Tuition in Noida: A Practical Parent Guide,1,https://www.tutorservices.in/home-tuition-in-noida-parent-guide,Location SEO,
/home-tuition-in-noida-sector-137,home-tuition-in-noida-sector-137.html,Noida Sector 137 Home Tuition Guide | Find Tutors with TutorServices,"Looking for Home Tuition in Noida Sector 137? Read this local TutorServices guide for parents comparing home tutors, private tutors, subjects, classes and online tuition in Noida Sector 137.",Home Tuition in Noida Sector 137: A Practical Parent Guide,1,https://www.tutorservices.in/home-tuition-in-noida-sector-137,Location SEO,
/home-tuition-in-south-delhi-guide,home-tuition-in-south-delhi-guide.html,South Delhi Home Tuition Guide | Find Tutors with TutorServices,"Looking for Home Tuition in South Delhi? Read this local TutorServices guide for parents comparing home tutors, private tutors, subjects, classes and online tuition in South Delhi.",Home Tuition in South Delhi: A Practical Parent Guide,1,https://www.tutorservices.in/home-tuition-in-south-delhi-guide,Location SEO,
/home-tuition-on-golf-course-road-gurugram,home-tuition-on-golf-course-road-gurugram.html,"Golf Course Road, Gurugram Home Tuition Guide | Find Tutors with TutorServices","Looking for Home Tuition on Golf Course Road Gurugram? Read this local TutorServices guide for parents comparing home tutors, private tutors, subjects, classes and online tuition in Golf Course Road, Gurugram.",Home Tuition on Golf Course Road Gurugram: A Practical Parent Guide,1,https://www.tutorservices.in/home-tuition-on-golf-course-road-gurugram,Home tuition,
/home-tuition,home-tuition.html,Home Tuition in India | Verified Personal Tutors Near You,"Find verified home tutors for Class 1 to 12, CBSE, ICSE and State Boards. Request personalised tuition by subject, location and preferred timing.",Personalised home tuition for every class and subject.,1,https://www.tutorservices.in/home-tuition,Home tuition,
/home-tutor-in-dlf-phase-2-gurugram,home-tutor-in-dlf-phase-2-gurugram.html,"DLF Phase 2, Gurugram Home Tuition Guide | Find Tutors with TutorServices","Looking for Home Tutor in DLF Phase 2 Gurugram? Read this local TutorServices guide for parents comparing home tutors, private tutors, subjects, classes and online tuition in DLF Phase 2, Gurugram.",Home Tutor in DLF Phase 2 Gurugram: A Practical Parent Guide,1,https://www.tutorservices.in/home-tutor-in-dlf-phase-2-gurugram,Location SEO,
/home-tutor-in-dwarka-parent-checklist,home-tutor-in-dwarka-parent-checklist.html,Dwarka Home Tuition Guide | Find Tutors with TutorServices,"Looking for Home Tutor in Dwarka? Read this local TutorServices guide for parents comparing home tutors, private tutors, subjects, classes and online tuition in Dwarka.",Home Tutor in Dwarka: A Practical Parent Guide,1,https://www.tutorservices.in/home-tutor-in-dwarka-parent-checklist,Location SEO,
/home-tutor-in-greater-noida-west,home-tutor-in-greater-noida-west.html,Greater Noida West Home Tuition Guide | Find Tutors with TutorServices,"Looking for Home Tutor in Greater Noida West? Read this local TutorServices guide for parents comparing home tutors, private tutors, subjects, classes and online tuition in Greater Noida West.",Home Tutor in Greater Noida West: A Practical Parent Guide,1,https://www.tutorservices.in/home-tutor-in-greater-noida-west,Location SEO,
/home-tutor-in-noida-sector-62,home-tutor-in-noida-sector-62.html,Noida Sector 62 Home Tuition Guide | Find Tutors with TutorServices,"Looking for Home Tutor in Noida Sector 62? Read this local TutorServices guide for parents comparing home tutors, private tutors, subjects, classes and online tuition in Noida Sector 62.",Home Tutor in Noida Sector 62: A Practical Parent Guide,1,https://www.tutorservices.in/home-tutor-in-noida-sector-62,Location SEO,
/home-tutor-near-me-cbse-students,home-tutor-near-me-cbse-students.html,Home Tutor Near Me for CBSE Students | Tutorservices,"Looking for a home tutor near you for a CBSE student? Learn the benefits, compare learning modes and choose suitable tuition support with Tutorservices.",Home Tutor Near Me for CBSE Students: A Complete Guide for Parents,1,https://www.tutorservices.in/home-tutor-near-me-cbse-students,General service / commercial,
/how-we-verify-tutors,how-we-verify-tutors.html,Tutor Verification Process and Standards | TutorServices,"Learn how TutorServices reviews tutor applications, qualifications, experience, subjects, availability and feedback before relevant student matching.",How the Tutor Verification Process Works at TutorServices,1,https://www.tutorservices.in/how-we-verify-tutors,Trust / EEAT,
/,index.html,"TutorServices | Home Tutors, Online Tuition & Private Tutors","Find verified home tutors, private tutors and online tuition for Class 1 to 12, major boards, subjects, exams, spoken English and computer courses across India.",India's Trusted Home Tuition Bureau,1,https://www.tutorservices.in/,Homepage / core tutor discovery,
/languages/english-grammar-classes,languages/english-grammar-classes.html,English Grammar Classes and Tutors | TutorServices,"Build grammar, sentence construction and writing accuracy through personalised English grammar classes with verified TutorServices tutors across India.",English Grammar Classes for Clear Writing and Confident Communication,1,https://www.tutorservices.in/languages/english-grammar-classes,General service / commercial,
/languages/spoken-english-classes,languages/spoken-english-classes.html,Spoken English Classes for Fluency | TutorServices,"Build English fluency, pronunciation and communication confidence through personalised spoken English classes with verified TutorServices tutors in India.",Spoken English Classes for Confident Everyday Communication,1,https://www.tutorservices.in/languages/spoken-english-classes,General service / commercial,
/languages,languages.html,Language Classes and Communication Skills | TutorServices,"Find personalised language classes for spoken English, grammar, Hindi and communication skills through verified home and online TutorServices tutors.","Language Classes for Better Fluency, Grammar and Communication",1,https://www.tutorservices.in/languages,General service / commercial,
/locations,locations.html,Home Tuition Areas in Delhi & Online Across India | Tutors,"Find TutorServices home tuition support across Delhi areas and request live online tutors anywhere in India by class, subject, board and timing.",Tuition support across Delhi and online throughout India.,1,https://www.tutorservices.in/locations,General service / commercial,
/offline-tuition,offline-tuition.html,Offline Tuition in India | Local Classes & Tutors,"Find verified offline tutors and face-to-face tuition classes in India for school subjects, boards and exams with flexible, personalised support.","Offline Tuition in India for Focused, In-Person Academic Support",1,https://www.tutorservices.in/offline-tuition,General service / commercial,
/one-to-one-tuition,one-to-one-tuition.html,One-to-One Tuition in India | Verified Personal Tutors,"Find verified one-to-one tutors in India for personalised lessons, flexible study plans, individual attention and measurable academic progress.",One-to-One Tuition Built Around the Individual Learner,1,https://www.tutorservices.in/one-to-one-tuition,General service / commercial,
/one-to-one-vs-group-tuition,one-to-one-vs-group-tuition.html,One-to-One Tuition vs Group Tuition: A Practical TutorServices Guide,"Looking for One-to-One Tuition vs Group Tuition? Learn how TutorServices helps parents choose suitable home and online tutors with practical, personalised support.",One-to-One Tuition vs Group Tuition: A Practical TutorServices Guide,1,https://www.tutorservices.in/one-to-one-vs-group-tuition,General service / commercial,
/online-learning-tips,online-learning-tips.html,Online Learning Tips for Better Results | TutorServices,"Use practical online learning tips to prepare your study space, participate actively, review lessons, manage distractions and track progress.",Online Learning Tips for Better Results,1,https://www.tutorservices.in/online-learning-tips,Online tuition,
/online-tuition-for-shy-students,online-tuition-for-shy-students.html,Online Tuition for Shy Students: A Practical TutorServices Guide,"Looking for Online Tuition for Shy Students? Learn how TutorServices helps parents choose suitable home and online tutors with practical, personalised support.",Online Tuition for Shy Students: A Practical TutorServices Guide,1,https://www.tutorservices.in/online-tuition-for-shy-students,Online tuition,
/online-tuition-vs-home-tuition,online-tuition-vs-home-tuition.html,Online Tuition vs Home Tuition | Parent Guide India,"Compare online tuition vs home tuition for Indian students. Learn benefits, limits, costs, class-wise fit, FAQs and how to choose the right tutor.",Online Tuition vs Home Tuition: Which Is Better for Students in India?,1,https://www.tutorservices.in/online-tuition-vs-home-tuition,Online tuition,
/online-tuition,online-tuition.html,Online Tuition in India | Live Personal Tutors for Students,"Join live online tuition for Class 1 to 12, major boards, academic subjects and skill courses with flexible timing and personal tutor support.",Live online tuition from anywhere in India.,1,https://www.tutorservices.in/online-tuition,Online tuition,
/privacy-policy,privacy-policy.html,Privacy Policy | TutorServices Student and Tutor Data,"Read how TutorServices collects, uses and shares enquiry information, uses analytics and browser storage, protects data and handles privacy requests.",Privacy Policy,1,https://www.tutorservices.in/privacy-policy,Trust / EEAT,
/private-tutor-in-rohini-school-students,private-tutor-in-rohini-school-students.html,Rohini Home Tuition Guide | Find Tutors with TutorServices,"Looking for Private Tutor in Rohini? Read this local TutorServices guide for parents comparing home tutors, private tutors, subjects, classes and online tuition in Rohini.",Private Tutor in Rohini: A Practical Parent Guide,1,https://www.tutorservices.in/private-tutor-in-rohini-school-students,General service / commercial,
/services,services.html,Tuition Services in India | Home & Online Tutors Today,"Explore home tuition, online classes, offline coaching, spoken English, hobby classes, computer courses and exam preparation across India today.",Complete tuition and skill-learning solutions.,1,https://www.tutorservices.in/services,General service / commercial,
/spoken-english-guide,spoken-english-guide.html,Spoken English Guide to Fluency | TutorServices India,"Improve spoken English with daily conversation, listening, useful phrases, pronunciation practice and a simple routine for greater confidence.",Spoken English Guide: Improve Fluency and Confidence,1,https://www.tutorservices.in/spoken-english-guide,Blog / informational,
/student-registration,student-registration.html,Request a Tutor | Book a Free Demo Class Today India,"Share the student's class, board, subjects, city and preferred learning mode to request a verified tutor and book a free demonstration class.",Book a free demo with a verified tutor.,1,https://www.tutorservices.in/student-registration,General service / commercial,
/subjects/biology-tuition,subjects/biology-tuition.html,Biology Tuition in India | Biology Tutor | TutorServices,"Find verified Biology tutors for Class 9 to 12, CBSE, ICSE and State Boards with personalised home and online Biology tuition across India today.",Biology Tuition in India for Clear Concepts and Confident Recall,1,https://www.tutorservices.in/subjects/biology-tuition,Subject tuition,
/subjects/chemistry-tuition,subjects/chemistry-tuition.html,Chemistry Tuition in India | Chemistry Tutor | TutorServices,"Find verified Chemistry tutors for Class 9 to 12, CBSE, ICSE and State Boards with personalised home and online Chemistry tuition across India.",Chemistry Tuition in India for Clear Concepts and Confident Problem-Solving,1,https://www.tutorservices.in/subjects/chemistry-tuition,Subject tuition,
/subjects/english-tuition,subjects/english-tuition.html,English Tuition in India | English Tutor | TutorServices,"Find verified English tutors for Class 1 to 12, CBSE, ICSE and State Boards with personalised home and online English tuition across India today.","English Tuition in India for Stronger Reading, Writing and Results",1,https://www.tutorservices.in/subjects/english-tuition,Subject tuition,
/subjects/mathematics-tuition,subjects/mathematics-tuition.html,Mathematics Tuition in India | Maths Tutor | TutorServices,"Find verified maths tutors for Class 1 to 12, CBSE, ICSE and State Boards through personalised home and online mathematics tuition across India.",Mathematics Tuition in India That Builds Real Understanding,1,https://www.tutorservices.in/subjects/mathematics-tuition,Subject tuition,
/subjects/physics-tuition,subjects/physics-tuition.html,Physics Tuition in India | Physics Tutor | TutorServices,"Find verified Physics tutors for Class 9 to 12, CBSE, ICSE and State Boards with personalised home and online Physics tuition across India today.",Physics Tuition in India for Deeper Understanding and Better Problem-Solving,1,https://www.tutorservices.in/subjects/physics-tuition,Subject tuition,
/subjects/science-tuition,subjects/science-tuition.html,Science Tuition in India | Science Tutor | TutorServices,"Find verified science tutors for Class 1 to 10, CBSE, ICSE and State Boards with personalised home and online science tuition across India today.",Science Tuition in India for Clear Concepts and Confident Learning,1,https://www.tutorservices.in/subjects/science-tuition,Subject tuition,
/subjects,subjects.html,Subject Tuition in India | Expert Tutors | TutorServices,"Find qualified subject tutors for maths, science, English, commerce and computer science through personalised home and online tuition across India.",Subject Tuition in India for Every Learning Goal,1,https://www.tutorservices.in/subjects,Subject tuition,
/terms-and-conditions,terms-and-conditions.html,Terms & Conditions | TutorServices Website and Services,"Read the TutorServices Terms and Conditions covering student enquiries, tutor registration, user responsibilities, third parties and service limitations.",Terms & Conditions,1,https://www.tutorservices.in/terms-and-conditions,Trust / EEAT,
/tutor-code-of-conduct,tutor-code-of-conduct.html,Tutor Code of Conduct & Standards | TutorServices,"Read the TutorServices Tutor Code of Conduct covering professional behaviour, student safety, communication, confidentiality and responsible teaching.",Tutor Code of Conduct,1,https://www.tutorservices.in/tutor-code-of-conduct,Trust / EEAT,
/tutor-matching-checklist-for-parents,tutor-matching-checklist-for-parents.html,Tutor Matching Checklist: A Practical TutorServices Guide,"Looking for Tutor Matching Checklist? Learn how TutorServices helps parents choose suitable home and online tutors with practical, personalised support.",Tutor Matching Checklist: A Practical TutorServices Guide,1,https://www.tutorservices.in/tutor-matching-checklist-for-parents,General service / commercial,
/tutor-registration,tutor-registration.html,Tutor Registration India | Join TutorServices Today,"Register with TutorServices to teach home, online or offline classes. Share your qualifications, experience, subjects and preferred location.",Grow your teaching career with quality student leads.,1,https://www.tutorservices.in/tutor-registration,General service / commercial,
