cluster,primary_keyword,secondary_keywords,search_intent,recommended_page,recommended_title,recommended_h1,supporting_questions,internal_links,related_pages
Accountancy tuition,accountancy tutor,accountancy tutor near me | online accountancy tutor | home tutor for accountancy | private accountancy tutor | accountancy tuition classes | one-to-one accountancy tuition,Commercial | Local commercial,/subjects/accountancy-tuition,Accountancy Tutor | TutorServices,Accountancy Tutor,How does accountancy tutor work? | What should parents check? | How are tutors matched?,/services | /student-registration | /contact,/subjects | /classes | /boards | /cities
Affordable tuition,affordable home tuition,affordable home tuition for school students | affordable home tuition for better grades | affordable home tuition for exam preparation | affordable home tuition for homework support | affordable home tuition with flexible timings | affordable home tuition with demo class,Commercial,/home-tuition-fees,Affordable Home Tuition | TutorServices,Affordable Home Tuition,How does affordable home tuition work? | What should parents check? | How are tutors matched?,/services | /student-registration | /contact,/subjects | /classes | /boards | /cities
Biology tuition,biology tutor,biology tutor near me | online biology tutor | home tutor for biology | private biology tutor | biology tuition classes | one-to-one biology tuition,Commercial | Local commercial,/subjects/biology-tuition,Biology Tutor | TutorServices,Biology Tutor,How does biology tutor work? | What should parents check? | How are tutors matched?,/services | /student-registration | /contact,/subjects | /classes | /boards | /cities
Board exam preparation,class 10 board exam tutor,class 10 board exam tutor near me | online class 10 board exam preparation | home tuition for class 10 board exam | private tutor for class 10 board exam | class 10 board exam foundation classes | one-to-one class 10 board exam coaching,Commercial | Local commercial | Informational,/boards/class-10-board-tuition,Class 10 Board Exam Tutor | TutorServices,Class 10 Board Exam Tutor,How does class 10 board exam tutor work? | What should parents check? | How are tutors matched?,/services | /student-registration | /contact,/subjects | /classes | /boards | /cities
Business Studies tuition,business studies tutor,business studies tutor near me | online business studies tutor | home tutor for business studies | private business studies tutor | business studies tuition classes | one-to-one business studies tuition,Commercial | Local commercial,/subjects/business-studies-tuition,Business Studies Tutor | TutorServices,Business Studies Tutor,How does business studies tutor work? | What should parents check? | How are tutors matched?,/services | /student-registration | /contact,/subjects | /classes | /boards | /cities
CBSE tuition,cbse home tutor,cbse home tutor near me | cbse online tuition | cbse private tutor | cbse tuition for class 10 | cbse tuition for class 12 | cbse maths tutor,Commercial | Local commercial | Informational,/boards/cbse-tuition,Cbse Home Tutor | TutorServices,Cbse Home Tutor,How does cbse home tutor work? | What should parents check? | How are tutors matched?,/services | /student-registration | /contact,/subjects | /classes | /boards | /cities
Chemistry tuition,chemistry tutor,chemistry tutor near me | online chemistry tutor | home tutor for chemistry | private chemistry tutor | chemistry tuition classes | one-to-one chemistry tuition,Commercial | Local commercial,/subjects/chemistry-tuition,Chemistry Tutor | TutorServices,Chemistry Tutor,How does chemistry tutor work? | What should parents check? | How are tutors matched?,/services | /student-registration | /contact,/subjects | /classes | /boards | /cities
Coding tuition,coding tutor,coding tutor near me | online coding tutor | home tutor for coding | private coding tutor | coding tuition classes | one-to-one coding tuition,Commercial | Local commercial,/subjects/coding-for-kids,Coding Tutor | TutorServices,Coding Tutor,How does coding tutor work? | What should parents check? | How are tutors matched?,/services | /student-registration | /contact,/subjects | /classes | /boards | /cities
Computer Science tuition,computer science tutor,computer science tutor near me | online computer science tutor | home tutor for computer science | private computer science tutor | computer science tuition classes | one-to-one computer science tuition,Commercial | Local commercial,/subjects/computer-science-tuition,Computer Science Tutor | TutorServices,Computer Science Tutor,How does computer science tutor work? | What should parents check? | How are tutors matched?,/services | /student-registration | /contact,/subjects | /classes | /boards | /cities
Connaught Place location,home tuition in connaught place,home tutor in connaught place | private tutor in connaught place | tutor near me in connaught place | online tuition in connaught place | one-to-one tuition in connaught place | maths tutor in connaught place,Local commercial | Local informational,/cities/delhi/connaught-place-home-tuition,Home Tuition In Connaught Place | TutorServices,Home Tuition In Connaught Place,How does home tuition in connaught place work? | What should parents check? | How are tutors matched?,/services | /student-registration | /contact,/subjects | /classes | /boards | /cities
Core tutoring,tutoring services,tutoring services for school students | tutoring services for better grades | tutoring services for exam preparation | tutoring services for homework support | tutoring services with flexible timings | tutoring services with demo class,Commercial,/services,Tutoring Services | TutorServices,Tutoring Services,How does tutoring services work? | What should parents check? | How are tutors matched?,/services | /student-registration | /contact,/subjects | /classes | /boards | /cities
CUET,cuet tutor,cuet tutor near me | online cuet preparation | home tuition for cuet | private tutor for cuet | cuet foundation classes | one-to-one cuet coaching,Commercial | Local commercial | Informational,/competitive-exams/cuet-preparation,Cuet Tutor | TutorServices,Cuet Tutor,How does cuet tutor work? | What should parents check? | How are tutors matched?,/services | /student-registration | /contact,/subjects | /classes | /boards | /cities
Delhi location,home tuition in delhi,home tutor in delhi | private tutor in delhi | tutor near me in delhi | online tuition in delhi | one-to-one tuition in delhi | maths tutor in delhi,Local commercial | Local informational,/cities/delhi,Home Tuition In Delhi | TutorServices,Home Tuition In Delhi,How does home tuition in delhi work? | What should parents check? | How are tutors matched?,/services | /student-registration | /contact,/subjects | /classes | /boards | /cities
Demo classes,what happens in a tuition demo class,parents guide to what happens in a tuition demo class | student guide to what happens in a tuition demo class | tips for what happens in a tuition demo class | best way to understand what happens in a tuition demo class | what to know about what happens in a tuition demo class,Informational,/demo-class-for-tuition-tutor-fit-guide,What Happens In A Tuition Demo Class | TutorServices,What Happens In A Tuition Demo Class,How does what happens in a tuition demo class work? | What should parents check? | How are tutors matched?,/services | /student-registration | /contact,/subjects | /classes | /boards | /cities
Dwarka location,home tuition in dwarka,home tutor in dwarka | private tutor in dwarka | tutor near me in dwarka | online tuition in dwarka | one-to-one tuition in dwarka | maths tutor in dwarka,Local commercial | Local informational,/cities/delhi/dwarka-home-tuition,Home Tuition In Dwarka | TutorServices,Home Tuition In Dwarka,How does home tuition in dwarka work? | What should parents check? | How are tutors matched?,/services | /student-registration | /contact,/subjects | /classes | /boards | /cities
Economics tuition,economics tutor,economics tutor near me | online economics tutor | home tutor for economics | private economics tutor | economics tuition classes | one-to-one economics tuition,Commercial | Local commercial,/subjects/economics-tuition,Economics Tutor | TutorServices,Economics Tutor,How does economics tutor work? | What should parents check? | How are tutors matched?,/services | /student-registration | /contact,/subjects | /classes | /boards | /cities
English tuition,english tutor,english tutor near me | online english tutor | home tutor for english | private english tutor | english tuition classes | one-to-one english tuition,Commercial | Local commercial,/subjects/english-tuition,English Tutor | TutorServices,English Tutor,How does english tutor work? | What should parents check? | How are tutors matched?,/services | /student-registration | /contact,/subjects | /classes | /boards | /cities
Experienced tutors,experienced tutor,experienced tutor for school students | experienced tutor for better grades | experienced tutor for exam preparation | experienced tutor for homework support | experienced tutor with flexible timings | experienced tutor with demo class,Commercial,/how-we-verify-tutors,Experienced Tutor | TutorServices,Experienced Tutor,How does experienced tutor work? | What should parents check? | How are tutors matched?,/services | /student-registration | /contact,/subjects | /classes | /boards | /cities
Faridabad location,home tuition in faridabad,home tutor in faridabad | private tutor in faridabad | tutor near me in faridabad | online tuition in faridabad | one-to-one tuition in faridabad | maths tutor in faridabad,Local commercial | Local informational,/cities/faridabad,Home Tuition In Faridabad | TutorServices,Home Tuition In Faridabad,How does home tuition in faridabad work? | What should parents check? | How are tutors matched?,/services | /student-registration | /contact,/subjects | /classes | /boards | /cities
Female tutors,female home tutor,female home tutor near me | female home tutor for school students | female home tutor for maths | female home tutor for science | female home tutor for class 10 | female home tutor for class 12,Commercial preference-based,/student-registration,Female Home Tutor | TutorServices,Female Home Tutor,How does female home tutor work? | What should parents check? | How are tutors matched?,/services | /student-registration | /contact,/subjects | /classes | /boards | /cities
Flexible tutoring,flexible tuition timings,flexible tuition timings for school students | flexible tuition timings for better grades | flexible tuition timings for exam preparation | flexible tuition timings for homework support | flexible tuition timings with flexible timings | flexible tuition timings with demo class,Commercial,/services,Flexible Tuition Timings | TutorServices,Flexible Tuition Timings,How does flexible tuition timings work? | What should parents check? | How are tutors matched?,/services | /student-registration | /contact,/subjects | /classes | /boards | /cities
Ghaziabad location,home tuition in ghaziabad,home tutor in ghaziabad | private tutor in ghaziabad | tutor near me in ghaziabad | online tuition in ghaziabad | one-to-one tuition in ghaziabad | maths tutor in ghaziabad,Local commercial | Local informational,/cities/ghaziabad,Home Tuition In Ghaziabad | TutorServices,Home Tuition In Ghaziabad,How does home tuition in ghaziabad work? | What should parents check? | How are tutors matched?,/services | /student-registration | /contact,/subjects | /classes | /boards | /cities
Gurugram location,home tuition in gurugram,home tutor in gurugram | private tutor in gurugram | tutor near me in gurugram | online tuition in gurugram | one-to-one tuition in gurugram | maths tutor in gurugram,Local commercial | Local informational,/cities/gurugram,Home Tuition In Gurugram | TutorServices,Home Tuition In Gurugram,How does home tuition in gurugram work? | What should parents check? | How are tutors matched?,/services | /student-registration | /contact,/subjects | /classes | /boards | /cities
Hindi tuition,hindi tutor,hindi tutor near me | online hindi tutor | home tutor for hindi | private hindi tutor | hindi tuition classes | one-to-one hindi tuition,Commercial | Local commercial,/subjects/hindi-tuition,Hindi Tutor | TutorServices,Hindi Tutor,How does hindi tutor work? | What should parents check? | How are tutors matched?,/services | /student-registration | /contact,/subjects | /classes | /boards | /cities
Home tuition,home tuition,home tuition for school students | home tuition for better grades | home tuition for exam preparation | home tuition for homework support | home tuition with flexible timings | home tuition with demo class,Commercial,/home-tuition,Home Tuition | TutorServices,Home Tuition,How does home tuition work? | What should parents check? | How are tutors matched?,/services | /student-registration | /contact,/subjects | /classes | /boards | /cities
Home tutors,home tutor,home tutor for school students | home tutor for better grades | home tutor for exam preparation | home tutor for homework support | home tutor with flexible timings | home tutor with demo class,Commercial,/home-tuition,Home Tutor | TutorServices,Home Tutor,How does home tutor work? | What should parents check? | How are tutors matched?,/services | /student-registration | /contact,/subjects | /classes | /boards | /cities
IB tuition,ib board home tutor,ib board home tutor near me | ib board online tuition | ib board private tutor | ib board tuition for class 10 | ib board tuition for class 12 | ib board maths tutor,Commercial | Local commercial | Informational,/boards,Ib Board Home Tutor | TutorServices,Ib Board Home Tutor,How does ib board home tutor work? | What should parents check? | How are tutors matched?,/services | /student-registration | /contact,/subjects | /classes | /boards | /cities
ICSE tuition,icse home tutor,icse home tutor near me | icse online tuition | icse private tutor | icse tuition for class 10 | icse tuition for class 12 | icse maths tutor,Commercial | Local commercial | Informational,/boards/icse-tuition,Icse Home Tutor | TutorServices,Icse Home Tutor,How does icse home tutor work? | What should parents check? | How are tutors matched?,/services | /student-registration | /contact,/subjects | /classes | /boards | /cities
IGCSE tuition,igcse home tutor,igcse home tutor near me | igcse online tuition | igcse private tutor | igcse tuition for class 10 | igcse tuition for class 12 | igcse maths tutor,Commercial | Local commercial | Informational,/boards,Igcse Home Tutor | TutorServices,Igcse Home Tutor,How does igcse home tutor work? | What should parents check? | How are tutors matched?,/services | /student-registration | /contact,/subjects | /classes | /boards | /cities
JEE,jee tutor,jee tutor near me | online jee preparation | home tuition for jee | private tutor for jee | jee foundation classes | one-to-one jee coaching,Commercial | Local commercial | Informational,/competitive-exams/jee-foundation,Jee Tutor | TutorServices,Jee Tutor,How does jee tutor work? | What should parents check? | How are tutors matched?,/services | /student-registration | /contact,/subjects | /classes | /boards | /cities
Languages,english grammar classes,english grammar classes near me | english grammar classes online | english grammar classes for beginners | english grammar classes with personal tutor | english grammar classes with flexible timings | english grammar classes for school students,Commercial | Local commercial,/languages/english-grammar-classes,English Grammar Classes | TutorServices,English Grammar Classes,How does english grammar classes work? | What should parents check? | How are tutors matched?,/services | /student-registration | /contact,/subjects | /classes | /boards | /cities
Male tutors,male home tutor,male home tutor near me | male home tutor for school students | male home tutor for maths | male home tutor for science | male home tutor for class 10 | male home tutor for class 12,Commercial preference-based,/student-registration,Male Home Tutor | TutorServices,Male Home Tutor,How does male home tutor work? | What should parents check? | How are tutors matched?,/services | /student-registration | /contact,/subjects | /classes | /boards | /cities
Mathematics tuition,maths tutor,maths tutor near me | online maths tutor | home tutor for maths | private maths tutor | maths tuition classes | one-to-one maths tuition,Commercial | Local commercial,/subjects/mathematics-tuition,Maths Tutor | TutorServices,Maths Tutor,How does maths tutor work? | What should parents check? | How are tutors matched?,/services | /student-registration | /contact,/subjects | /classes | /boards | /cities
Middle school,home tuition for class 6,home tutor for class 6 | online tuition for class 6 | private tutor for class 6 | class 6 tutor near me | one-to-one tuition for class 6 | class 6 maths tutor,Commercial | Local commercial | Informational,/classes/class-6-to-8-tuition,Home Tuition For Class 6 | TutorServices,Home Tuition For Class 6,How does home tuition for class 6 work? | What should parents check? | How are tutors matched?,/services | /student-registration | /contact,/subjects | /classes | /boards | /cities
NEET,neet tutor,neet tutor near me | online neet preparation | home tuition for neet | private tutor for neet | neet foundation classes | one-to-one neet coaching,Commercial | Local commercial | Informational,/competitive-exams/neet-foundation,Neet Tutor | TutorServices,Neet Tutor,How does neet tutor work? | What should parents check? | How are tutors matched?,/services | /student-registration | /contact,/subjects | /classes | /boards | /cities
NIOS tuition,nios home tutor,nios home tutor near me | nios online tuition | nios private tutor | nios tuition for class 10 | nios tuition for class 12 | nios maths tutor,Commercial | Local commercial | Informational,/boards,Nios Home Tutor | TutorServices,Nios Home Tutor,How does nios home tutor work? | What should parents check? | How are tutors matched?,/services | /student-registration | /contact,/subjects | /classes | /boards | /cities
Noida location,home tuition in noida,home tutor in noida | private tutor in noida | tutor near me in noida | online tuition in noida | one-to-one tuition in noida | maths tutor in noida,Local commercial | Local informational,/cities/noida,Home Tuition In Noida | TutorServices,Home Tuition In Noida,How does home tuition in noida work? | What should parents check? | How are tutors matched?,/services | /student-registration | /contact,/subjects | /classes | /boards | /cities
Offline tuition,offline tuition,offline tuition for school students | offline tuition for better grades | offline tuition for exam preparation | offline tuition for homework support | offline tuition with flexible timings | offline tuition with demo class,Commercial,/offline-tuition,Offline Tuition | TutorServices,Offline Tuition,How does offline tuition work? | What should parents check? | How are tutors matched?,/services | /student-registration | /contact,/subjects | /classes | /boards | /cities
Olympiad preparation,olympiad tutor,olympiad tutor near me | online olympiad preparation | home tuition for olympiad | private tutor for olympiad | olympiad foundation classes | one-to-one olympiad coaching,Commercial | Local commercial | Informational,/competitive-exams/olympiad-preparation,Olympiad Tutor | TutorServices,Olympiad Tutor,How does olympiad tutor work? | What should parents check? | How are tutors matched?,/services | /student-registration | /contact,/subjects | /classes | /boards | /cities
One-to-one tuition,one-to-one tuition,one-to-one tuition for school students | one-to-one tuition for better grades | one-to-one tuition for exam preparation | one-to-one tuition for homework support | one-to-one tuition with flexible timings | one-to-one tuition with demo class,Commercial,/one-to-one-tuition,One-To-One Tuition | TutorServices,One-To-One Tuition,How does one-to-one tuition work? | What should parents check? | How are tutors matched?,/services | /student-registration | /contact,/subjects | /classes | /boards | /cities
Online tuition,online tuition,online tuition for school students | online tuition for better grades | online tuition for exam preparation | online tuition for homework support | online tuition with flexible timings | online tuition with demo class,Commercial,/online-tuition,Online Tuition | TutorServices,Online Tuition,How does online tuition work? | What should parents check? | How are tutors matched?,/services | /student-registration | /contact,/subjects | /classes | /boards | /cities
Parent and student questions,how to choose a home tutor,parents guide to how to choose a home tutor | student guide to how to choose a home tutor | tips for how to choose a home tutor | best way to understand how to choose a home tutor | what to know about how to choose a home tutor | questions to ask before hiring a tutor,Informational,/best-home-tuition-services-india,How To Choose A Home Tutor | TutorServices,How To Choose A Home Tutor,How does how to choose a home tutor work? | What should parents check? | How are tutors matched?,/services | /student-registration | /contact,/subjects | /classes | /boards | /cities
Physics tuition,physics tutor,physics tutor near me | online physics tutor | home tutor for physics | private physics tutor | physics tuition classes | one-to-one physics tuition,Commercial | Local commercial,/subjects/physics-tuition,Physics Tutor | TutorServices,Physics Tutor,How does physics tutor work? | What should parents check? | How are tutors matched?,/services | /student-registration | /contact,/subjects | /classes | /boards | /cities
Primary school,home tuition for class 1,home tutor for class 1 | online tuition for class 1 | private tutor for class 1 | class 1 tutor near me | one-to-one tuition for class 1 | class 1 maths tutor,Commercial | Local commercial | Informational,/classes/class-1-to-5-tuition,Home Tuition For Class 1 | TutorServices,Home Tuition For Class 1,How does home tuition for class 1 work? | What should parents check? | How are tutors matched?,/services | /student-registration | /contact,/subjects | /classes | /boards | /cities
Private tutors,private tutor,private tutor for school students | private tutor for better grades | private tutor for exam preparation | private tutor for homework support | private tutor with flexible timings | private tutor with demo class,Commercial,/one-to-one-tuition,Private Tutor | TutorServices,Private Tutor,How does private tutor work? | What should parents check? | How are tutors matched?,/services | /student-registration | /contact,/subjects | /classes | /boards | /cities
Progress tracking,how parents can track tuition progress,parents guide to how parents can track tuition progress | student guide to how parents can track tuition progress | tips for how parents can track tuition progress | best way to understand how parents can track tuition progress | what to know about how parents can track tuition progress,Informational,/how-parents-track-tuition-progress,How Parents Can Track Tuition Progress | TutorServices,How Parents Can Track Tuition Progress,How does how parents can track tuition progress work? | What should parents check? | How are tutors matched?,/services | /student-registration | /contact,/subjects | /classes | /boards | /cities
Rohini location,home tuition in rohini,home tutor in rohini | private tutor in rohini | tutor near me in rohini | online tuition in rohini | one-to-one tuition in rohini | maths tutor in rohini,Local commercial | Local informational,/cities/delhi/rohini-home-tuition,Home Tuition In Rohini | TutorServices,Home Tuition In Rohini,How does home tuition in rohini work? | What should parents check? | How are tutors matched?,/services | /student-registration | /contact,/subjects | /classes | /boards | /cities
Science tuition,science tutor,science tutor near me | online science tutor | home tutor for science | private science tutor | science tuition classes | one-to-one science tuition,Commercial | Local commercial,/subjects/science-tuition,Science Tutor | TutorServices,Science Tutor,How does science tutor work? | What should parents check? | How are tutors matched?,/services | /student-registration | /contact,/subjects | /classes | /boards | /cities
Secondary school,home tuition for class 9,home tutor for class 9 | online tuition for class 9 | private tutor for class 9 | class 9 tutor near me | one-to-one tuition for class 9 | class 9 maths tutor,Commercial | Local commercial | Informational,/classes/class-9-tuition,Home Tuition For Class 9 | TutorServices,Home Tuition For Class 9,How does home tuition for class 9 work? | What should parents check? | How are tutors matched?,/services | /student-registration | /contact,/subjects | /classes | /boards | /cities
Senior secondary,home tuition for class 11,home tutor for class 11 | online tuition for class 11 | private tutor for class 11 | class 11 tutor near me | one-to-one tuition for class 11 | class 11 maths tutor,Commercial | Local commercial | Informational,/classes/class-11-tuition,Home Tuition For Class 11 | TutorServices,Home Tuition For Class 11,How does home tuition for class 11 work? | What should parents check? | How are tutors matched?,/services | /student-registration | /contact,/subjects | /classes | /boards | /cities
Skill-based tutoring,coding classes for kids,coding classes for kids near me | coding classes for kids online | coding classes for kids for beginners | coding classes for kids with personal tutor | coding classes for kids with flexible timings | coding classes for kids for school students,Commercial | Local commercial,/subjects/coding-for-kids,Coding Classes For Kids | TutorServices,Coding Classes For Kids,How does coding classes for kids work? | What should parents check? | How are tutors matched?,/services | /student-registration | /contact,/subjects | /classes | /boards | /cities
Social Science tuition,social science tutor,social science tutor near me | online social science tutor | home tutor for social science | private social science tutor | social science tuition classes | one-to-one social science tuition,Commercial | Local commercial,/subjects/social-science-tuition,Social Science Tutor | TutorServices,Social Science Tutor,How does social science tutor work? | What should parents check? | How are tutors matched?,/services | /student-registration | /contact,/subjects | /classes | /boards | /cities
South Delhi location,home tuition in south delhi,home tutor in south delhi | private tutor in south delhi | tutor near me in south delhi | online tuition in south delhi | one-to-one tuition in south delhi | maths tutor in south delhi,Local commercial | Local informational,/cities/delhi/south-delhi-home-tuition,Home Tuition In South Delhi | TutorServices,Home Tuition In South Delhi,How does home tuition in south delhi work? | What should parents check? | How are tutors matched?,/services | /student-registration | /contact,/subjects | /classes | /boards | /cities
Spoken English,spoken english classes,spoken english classes near me | spoken english classes online | spoken english classes for beginners | spoken english classes with personal tutor | spoken english classes with flexible timings | spoken english classes for school students,Commercial | Local commercial,/languages/spoken-english-classes,Spoken English Classes | TutorServices,Spoken English Classes,How does spoken english classes work? | What should parents check? | How are tutors matched?,/services | /student-registration | /contact,/subjects | /classes | /boards | /cities
State boards tuition,state board home tutor,state board home tutor near me | state board online tuition | state board private tutor | state board tuition for class 10 | state board tuition for class 12 | state board maths tutor,Commercial | Local commercial | Informational,/boards/state-board-tuition,State Board Home Tutor | TutorServices,State Board Home Tutor,How does state board home tutor work? | What should parents check? | How are tutors matched?,/services | /student-registration | /contact,/subjects | /classes | /boards | /cities
Study support,tuition for weak students,parents guide to tuition for weak students | student guide to tuition for weak students | tips for tuition for weak students | best way to understand tuition for weak students | what to know about tuition for weak students | homework support tuition,Informational,/home-tuition-for-weak-students,Tuition For Weak Students | TutorServices,Tuition For Weak Students,How does tuition for weak students work? | What should parents check? | How are tutors matched?,/services | /student-registration | /contact,/subjects | /classes | /boards | /cities
Tuition comparison,home tuition vs online tuition,parents guide to home tuition vs online tuition | student guide to home tuition vs online tuition | tips for home tuition vs online tuition | best way to understand home tuition vs online tuition | what to know about home tuition vs online tuition | one-to-one tuition vs group tuition,Informational,/online-tuition-vs-home-tuition,Home Tuition Vs Online Tuition | TutorServices,Home Tuition Vs Online Tuition,How does home tuition vs online tuition work? | What should parents check? | How are tutors matched?,/services | /student-registration | /contact,/subjects | /classes | /boards | /cities
Tuition near me,tuition near me,tuition near me for school students | tuition near me for better grades | tuition near me for exam preparation | tuition near me for homework support | tuition near me with flexible timings | tuition near me with demo class,Commercial,/tutors-near-me,Tuition Near Me | TutorServices,Tuition Near Me,How does tuition near me work? | What should parents check? | How are tutors matched?,/services | /student-registration | /contact,/subjects | /classes | /boards | /cities
Tutor fees,how are home tuition fees decided,parents guide to how are home tuition fees decided | student guide to how are home tuition fees decided | tips for how are home tuition fees decided | best way to understand how are home tuition fees decided | what to know about how are home tuition fees decided | expected tuition fees before starting classes,Informational,/home-tuition-fees,How Are Home Tuition Fees Decided | TutorServices,How Are Home Tuition Fees Decided,How does how are home tuition fees decided work? | What should parents check? | How are tutors matched?,/services | /student-registration | /contact,/subjects | /classes | /boards | /cities
Tutor matching,tutor matching service,tutor matching service for school students | tutor matching service for better grades | tutor matching service for exam preparation | tutor matching service for homework support | tutor matching service with flexible timings | tutor matching service with demo class,Commercial,/student-registration,Tutor Matching Service | TutorServices,Tutor Matching Service,How does tutor matching service work? | What should parents check? | How are tutors matched?,/services | /student-registration | /contact,/subjects | /classes | /boards | /cities
Tutors near me,tutor near me,tutor near me for school students | tutor near me for better grades | tutor near me for exam preparation | tutor near me for homework support | tutor near me with flexible timings | tutor near me with demo class,Commercial,/tutors-near-me,Tutor Near Me | TutorServices,Tutor Near Me,How does tutor near me work? | What should parents check? | How are tutors matched?,/services | /student-registration | /contact,/subjects | /classes | /boards | /cities
